Round,Date,Time,Team 1,Team 2
Matchday 8,2024-09-28,17:00,FC Blau Weiß Linz,Sturm Graz
Matchday 8,2024-09-28,17:00,RB Salzburg,Austria Wien
Matchday 8,2024-09-28,17:00,Rapid Wien,LASK
Matchday 8,2024-09-29,14:30,Wolfsberger AC,WSG Tirol
Matchday 8,2024-09-29,14:30,TSV Hartberg,SCR Altach
Matchday 8,2024-09-29,17:00,Grazer AK,SK Austria Klagenfurt
Matchday 9,2024-10-05,17:00,Austria Wien,Grazer AK
Matchday 9,2024-10-05,17:00,WSG Tirol,FC Blau Weiß Linz
Matchday 9,2024-10-05,17:00,Wolfsberger AC,TSV Hartberg
Matchday 9,2024-10-06,14:30,Sturm Graz,RB Salzburg
Matchday 9,2024-10-06,17:00,SCR Altach,Rapid Wien
Matchday 9,2024-10-06,14:30,LASK,SK Austria Klagenfurt
Matchday 10,2024-10-19,17:00,Sturm Graz,Grazer AK
Matchday 10,2024-10-19,17:00,RB Salzburg,SCR Altach
Matchday 10,2024-10-19,17:00,FC Blau Weiß Linz,Wolfsberger AC
Matchday 10,2024-10-20,17:00,Rapid Wien,TSV Hartberg
Matchday 10,2024-10-20,14:30,WSG Tirol,LASK
Matchday 10,2024-10-20,14:30,SK Austria Klagenfurt,Austria Wien
Matchday 11,2024-10-26,17:00,TSV Hartberg,FC Blau Weiß Linz
Matchday 11,2024-10-26,17:00,SCR Altach,SK Austria Klagenfurt
Matchday 11,2024-10-26,17:00,Austria Wien,WSG Tirol
Matchday 11,2024-10-27,17:00,LASK,Sturm Graz
Matchday 11,2024-10-27,14:30,Grazer AK,Rapid Wien
Matchday 11,2024-10-27,14:30,Wolfsberger AC,RB Salzburg
Matchday 12,2024-11-02,17:00,LASK,TSV Hartberg
Matchday 12,2024-11-02,17:00,Sturm Graz,Rapid Wien
Matchday 12,2024-11-02,17:00,RB Salzburg,Grazer AK
Matchday 12,2024-11-03,14:30,SK Austria Klagenfurt,Wolfsberger AC
Matchday 12,2024-11-03,14:30,WSG Tirol,SCR Altach
Matchday 12,2024-11-03,17:00,Austria Wien,FC Blau Weiß Linz
Matchday 13,2024-11-09,17:00,TSV Hartberg,Sturm Graz
Matchday 13,2024-11-09,17:00,Wolfsberger AC,Austria Wien
Matchday 13,2024-11-09,17:00,Grazer AK,WSG Tirol
Matchday 13,2024-11-10,14:30,FC Blau Weiß Linz,RB Salzburg
Matchday 13,2024-11-10,14:30,SCR Altach,LASK
Matchday 13,2024-11-10,17:00,Rapid Wien,SK Austria Klagenfurt
Matchday 14,2024-11-23,17:00,Sturm Graz,SK Austria Klagenfurt
Matchday 14,2024-11-23,17:00,WSG Tirol,Rapid Wien
Matchday 14,2024-11-23,17:00,RB Salzburg,LASK
Matchday 14,2024-11-24,17:00,Austria Wien,TSV Hartberg
Matchday 14,2024-11-24,14:30,FC Blau Weiß Linz,Grazer AK
Matchday 14,2024-11-24,14:30,Wolfsberger AC,SCR Altach
Matchday 15,2024-11-30,17:00,SCR Altach,Sturm Graz
Matchday 15,2024-11-30,17:00,TSV Hartberg,RB Salzburg
Matchday 15,2024-11-30,17:00,Grazer AK,Wolfsberger AC
Matchday 15,2024-12-01,14:30,Rapid Wien,FC Blau Weiß Linz
Matchday 15,2024-12-01,17:00,LASK,Austria Wien
Matchday 15,2024-12-01,14:30,SK Austria Klagenfurt,WSG Tirol
Matchday 4,2024-12-04,20:30,RB Salzburg,TSV Hartberg
Matchday 16,2024-12-07,17:00,RB Salzburg,Rapid Wien
Matchday 16,2024-12-07,17:00,WSG Tirol,Sturm Graz
Matchday 16,2024-12-07,17:00,Wolfsberger AC,LASK
Matchday 16,2024-12-08,17:00,Austria Wien,SCR Altach
Matchday 16,2024-12-08,14:30,FC Blau Weiß Linz,SK Austria Klagenfurt
Matchday 16,2024-12-08,14:30,Grazer AK,TSV Hartberg
Matchday 6,2024-12-14,17:00,RB Salzburg,SK Austria Klagenfurt
Matchday 5,2024-09-27,20:30,Borussia Dortmund,VfL Bochum 1848
Matchday 5,2024-09-28,15:30,RB Leipzig,FC Augsburg
Matchday 5,2024-09-28,15:30,SC Freiburg,FC St. Pauli 1910
Matchday 5,2024-09-28,15:30,VfL Wolfsburg,VfB Stuttgart
Matchday 5,2024-09-28,15:30,1. FSV Mainz 05,1. FC Heidenheim 1846
Matchday 5,2024-09-28,15:30,Borussia Mönchengladbach,1. FC Union Berlin
Matchday 5,2024-09-28,18:30,FC Bayern München,Bayer 04 Leverkusen
Matchday 5,2024-09-29,15:30,Holstein Kiel,Eintracht Frankfurt
Matchday 5,2024-09-29,17:30,TSG 1899 Hoffenheim,SV Werder Bremen
Matchday 6,2024-10-04,20:30,FC Augsburg,Borussia Mönchengladbach
Matchday 6,2024-10-05,15:30,Bayer 04 Leverkusen,Holstein Kiel
Matchday 6,2024-10-05,15:30,SV Werder Bremen,SC Freiburg
Matchday 6,2024-10-05,15:30,1. FC Union Berlin,Borussia Dortmund
Matchday 6,2024-10-05,15:30,VfL Bochum 1848,VfL Wolfsburg
Matchday 6,2024-10-05,18:30,FC St. Pauli 1910,1. FSV Mainz 05
Matchday 6,2024-10-06,15:30,1. FC Heidenheim 1846,RB Leipzig
Matchday 6,2024-10-06,17:30,Eintracht Frankfurt,FC Bayern München
Matchday 6,2024-10-06,19:30,VfB Stuttgart,TSG 1899 Hoffenheim
Matchday 7,2024-10-18,20:30,Borussia Dortmund,FC St. Pauli 1910
Matchday 7,2024-10-19,15:30,Bayer 04 Leverkusen,Eintracht Frankfurt
Matchday 7,2024-10-19,15:30,TSG 1899 Hoffenheim,VfL Bochum 1848
Matchday 7,2024-10-19,15:30,SC Freiburg,FC Augsburg
Matchday 7,2024-10-19,15:30,1. FSV Mainz 05,RB Leipzig
Matchday 7,2024-10-19,15:30,Borussia Mönchengladbach,1. FC Heidenheim 1846
Matchday 7,2024-10-19,18:30,FC Bayern München,VfB Stuttgart
Matchday 7,2024-10-20,15:30,Holstein Kiel,1. FC Union Berlin
Matchday 7,2024-10-20,17:30,VfL Wolfsburg,SV Werder Bremen
Matchday 8,2024-10-25,20:30,1. FSV Mainz 05,Borussia Mönchengladbach
Matchday 8,2024-10-26,15:30,VfB Stuttgart,Holstein Kiel
Matchday 8,2024-10-26,15:30,RB Leipzig,SC Freiburg
Matchday 8,2024-10-26,15:30,FC Augsburg,Borussia Dortmund
Matchday 8,2024-10-26,15:30,FC St. Pauli 1910,VfL Wolfsburg
Matchday 8,2024-10-26,18:30,SV Werder Bremen,Bayer 04 Leverkusen
Matchday 8,2024-10-27,15:30,VfL Bochum 1848,FC Bayern München
Matchday 8,2024-10-27,17:30,1. FC Union Berlin,Eintracht Frankfurt
Matchday 8,2024-10-27,19:30,1. FC Heidenheim 1846,TSG 1899 Hoffenheim
Matchday 9,2024-11-01,20:30,Bayer 04 Leverkusen,VfB Stuttgart
Matchday 9,2024-11-02,15:30,FC Bayern München,1. FC Union Berlin
Matchday 9,2024-11-02,15:30,Eintracht Frankfurt,VfL Bochum 1848
Matchday 9,2024-11-02,15:30,TSG 1899 Hoffenheim,FC St. Pauli 1910
Matchday 9,2024-11-02,15:30,VfL Wolfsburg,FC Augsburg
Matchday 9,2024-11-02,15:30,Holstein Kiel,1. FC Heidenheim 1846
Matchday 9,2024-11-02,18:30,Borussia Dortmund,RB Leipzig
Matchday 9,2024-11-03,15:30,SC Freiburg,1. FSV Mainz 05
Matchday 9,2024-11-03,17:30,Borussia Mönchengladbach,SV Werder Bremen
Matchday 10,2024-11-08,20:30,1. FC Union Berlin,SC Freiburg
Matchday 10,2024-11-09,15:30,SV Werder Bremen,Holstein Kiel
Matchday 10,2024-11-09,15:30,1. FSV Mainz 05,Borussia Dortmund
Matchday 10,2024-11-09,15:30,VfL Bochum 1848,Bayer 04 Leverkusen
Matchday 10,2024-11-09,15:30,FC St. Pauli 1910,FC Bayern München
Matchday 10,2024-11-09,18:30,RB Leipzig,Borussia Mönchengladbach
Matchday 10,2024-11-10,15:30,FC Augsburg,TSG 1899 Hoffenheim
Matchday 10,2024-11-10,17:30,VfB Stuttgart,Eintracht Frankfurt
Matchday 10,2024-11-10,19:30,1. FC Heidenheim 1846,VfL Wolfsburg
Matchday 11,2024-11-22,20:30,FC Bayern München,FC Augsburg
Matchday 11,2024-11-23,15:30,Bayer 04 Leverkusen,1. FC Heidenheim 1846
Matchday 11,2024-11-23,15:30,VfB Stuttgart,VfL Bochum 1848
Matchday 11,2024-11-23,15:30,Borussia Dortmund,SC Freiburg
Matchday 11,2024-11-23,15:30,TSG 1899 Hoffenheim,RB Leipzig
Matchday 11,2024-11-23,15:30,VfL Wolfsburg,1. FC Union Berlin
Matchday 11,2024-11-23,18:30,Eintracht Frankfurt,SV Werder Bremen
Matchday 11,2024-11-24,15:30,Holstein Kiel,1. FSV Mainz 05
Matchday 11,2024-11-24,17:30,Borussia Mönchengladbach,FC St. Pauli 1910
Matchday 12,2024-11-29,20:30,FC St. Pauli 1910,Holstein Kiel
Matchday 12,2024-11-30,15:30,RB Leipzig,VfL Wolfsburg
Matchday 12,2024-11-30,15:30,SV Werder Bremen,VfB Stuttgart
Matchday 12,2024-11-30,15:30,SC Freiburg,Borussia Mönchengladbach
Matchday 12,2024-11-30,15:30,FC Augsburg,VfL Bochum 1848
Matchday 12,2024-11-30,15:30,1. FC Union Berlin,Bayer 04 Leverkusen
Matchday 12,2024-11-30,18:30,Borussia Dortmund,FC Bayern München
Matchday 12,2024-12-01,15:30,1. FSV Mainz 05,TSG 1899 Hoffenheim
Matchday 12,2024-12-01,17:30,1. FC Heidenheim 1846,Eintracht Frankfurt
Matchday 34,2025-05-17,15:30,1. FSV Mainz 05,Bayer 04 Leverkusen
Matchday 34,2025-05-17,15:30,RB Leipzig,VfB Stuttgart
Matchday 34,2025-05-17,15:30,TSG 1899 Hoffenheim,FC Bayern München
Matchday 34,2025-05-17,15:30,SC Freiburg,Eintracht Frankfurt
Matchday 34,2025-05-17,15:30,1. FC Heidenheim 1846,SV Werder Bremen
Matchday 34,2025-05-17,15:30,Borussia Mönchengladbach,VfL Wolfsburg
Matchday 34,2025-05-17,15:30,FC Augsburg,1. FC Union Berlin
Matchday 34,2025-05-17,15:30,FC St. Pauli 1910,VfL Bochum 1848
Matchday 34,2025-05-17,15:30,Borussia Dortmund,Holstein Kiel
Matchday 7,2024-09-27,18:30,SSV Ulm 1846,Eintracht Braunschweig
Matchday 7,2024-09-27,18:30,SpVgg Greuther Fürth,Fortuna Düsseldorf
Matchday 7,2024-09-28,13:00,SV Darmstadt 98,1. FC Magdeburg
Matchday 7,2024-09-28,13:00,Hamburger SV,SC Paderborn 07
Matchday 7,2024-09-28,13:00,Jahn Regensburg,1. FC Kaiserslautern
Matchday 7,2024-09-28,20:30,Preußen Münster,FC Schalke 04
Matchday 7,2024-09-29,13:30,Hannover 96,1. FC Nürnberg
Matchday 7,2024-09-29,13:30,Hertha BSC,SV 07 Elversberg
Matchday 7,2024-09-29,13:30,1. FC Köln,Karlsruher SC
Matchday 8,2024-10-04,18:30,SC Paderborn 07,Jahn Regensburg
Matchday 8,2024-10-04,18:30,Karlsruher SC,SV Darmstadt 98
Matchday 8,2024-10-05,13:00,1. FC Köln,SSV Ulm 1846
Matchday 8,2024-10-05,13:00,SV 07 Elversberg,1. FC Kaiserslautern
Matchday 8,2024-10-05,13:00,1. FC Nürnberg,Preußen Münster
Matchday 8,2024-10-05,20:30,FC Schalke 04,Hertha BSC
Matchday 8,2024-10-06,13:30,1. FC Magdeburg,SpVgg Greuther Fürth
Matchday 8,2024-10-06,13:30,Eintracht Braunschweig,Hannover 96
Matchday 8,2024-10-06,13:30,Fortuna Düsseldorf,Hamburger SV
Matchday 9,2024-10-18,18:30,Hertha BSC,Eintracht Braunschweig
Matchday 9,2024-10-18,18:30,SV Darmstadt 98,1. FC Köln
Matchday 9,2024-10-19,13:00,Hannover 96,FC Schalke 04
Matchday 9,2024-10-19,13:00,Preußen Münster,SV 07 Elversberg
Matchday 9,2024-10-19,13:00,Jahn Regensburg,Fortuna Düsseldorf
Matchday 9,2024-10-19,20:30,1. FC Kaiserslautern,SC Paderborn 07
Matchday 9,2024-10-20,13:30,SpVgg Greuther Fürth,1. FC Nürnberg
Matchday 9,2024-10-20,13:30,SSV Ulm 1846,Karlsruher SC
Matchday 9,2024-10-20,13:30,Hamburger SV,1. FC Magdeburg
Matchday 10,2024-10-25,18:30,1. FC Köln,SC Paderborn 07
Matchday 10,2024-10-25,18:30,1. FC Nürnberg,Jahn Regensburg
Matchday 10,2024-10-26,13:00,FC Schalke 04,SpVgg Greuther Fürth
Matchday 10,2024-10-26,13:00,SV 07 Elversberg,Hamburger SV
Matchday 10,2024-10-26,20:30,Fortuna Düsseldorf,1. FC Kaiserslautern
Matchday 10,2024-10-26,13:00,Karlsruher SC,Hertha BSC
Matchday 10,2024-10-27,13:30,SV Darmstadt 98,SSV Ulm 1846
Matchday 10,2024-10-27,13:30,1. FC Magdeburg,Hannover 96
Matchday 10,2024-10-27,13:30,Eintracht Braunschweig,Preußen Münster
Matchday 11,2024-11-01,18:30,Preußen Münster,Fortuna Düsseldorf
Matchday 11,2024-11-01,18:30,SSV Ulm 1846,FC Schalke 04
Matchday 11,2024-11-02,13:00,SpVgg Greuther Fürth,SV Darmstadt 98
Matchday 11,2024-11-02,13:00,Jahn Regensburg,SV 07 Elversberg
Matchday 11,2024-11-02,20:30,Hertha BSC,1. FC Köln
Matchday 11,2024-11-02,13:00,Hannover 96,Karlsruher SC
Matchday 11,2024-11-03,13:30,Hamburger SV,1. FC Nürnberg
Matchday 11,2024-11-03,13:30,SC Paderborn 07,Eintracht Braunschweig
Matchday 11,2024-11-03,13:30,1. FC Kaiserslautern,1. FC Magdeburg
Matchday 12,2024-11-08,18:30,Eintracht Braunschweig,Hamburger SV
Matchday 12,2024-11-08,18:30,1. FC Nürnberg,1. FC Kaiserslautern
Matchday 12,2024-11-09,13:00,SV Darmstadt 98,Hertha BSC
Matchday 12,2024-11-09,13:00,1. FC Magdeburg,SSV Ulm 1846
Matchday 12,2024-11-09,20:30,Fortuna Düsseldorf,SC Paderborn 07
Matchday 12,2024-11-09,13:00,1. FC Köln,SpVgg Greuther Fürth
Matchday 12,2024-11-10,13:30,Karlsruher SC,Preußen Münster
Matchday 12,2024-11-10,13:30,FC Schalke 04,Jahn Regensburg
Matchday 12,2024-11-10,13:30,SV 07 Elversberg,Hannover 96
Matchday 13,2024-11-22,18:30,Preußen Münster,1. FC Köln
Matchday 13,2024-11-22,18:30,SC Paderborn 07,1. FC Nürnberg
Matchday 13,2024-11-23,13:00,SpVgg Greuther Fürth,Karlsruher SC
Matchday 13,2024-11-23,13:00,Hertha BSC,SSV Ulm 1846
Matchday 13,2024-11-23,20:30,Hamburger SV,FC Schalke 04
Matchday 13,2024-11-23,13:00,Fortuna Düsseldorf,SV 07 Elversberg
Matchday 13,2024-11-24,13:30,Hannover 96,SV Darmstadt 98
Matchday 13,2024-11-24,13:30,1. FC Kaiserslautern,Eintracht Braunschweig
Matchday 13,2024-11-24,13:30,Jahn Regensburg,1. FC Magdeburg
Matchday 14,2024-11-29,18:30,1. FC Magdeburg,Hertha BSC
Matchday 14,2024-11-29,18:30,FC Schalke 04,1. FC Kaiserslautern
Matchday 14,2024-11-30,13:00,1. FC Köln,Hannover 96
Matchday 14,2024-11-30,13:00,SV 07 Elversberg,SC Paderborn 07
Matchday 14,2024-11-30,13:00,Eintracht Braunschweig,Jahn Regensburg
Matchday 14,2024-11-30,20:30,SV Darmstadt 98,Preußen Münster
Matchday 14,2024-12-01,13:30,1. FC Nürnberg,Fortuna Düsseldorf
Matchday 14,2024-12-01,13:30,SSV Ulm 1846,SpVgg Greuther Fürth
Matchday 14,2024-12-01,13:30,Karlsruher SC,Hamburger SV
Matchday 34,2025-05-18,15:30,1. FC Magdeburg,Fortuna Düsseldorf
Matchday 34,2025-05-18,15:30,SpVgg Greuther Fürth,Hamburger SV
Matchday 34,2025-05-18,15:30,Hertha BSC,Hannover 96
Matchday 34,2025-05-18,15:30,Karlsruher SC,SC Paderborn 07
Matchday 34,2025-05-18,15:30,FC Schalke 04,SV 07 Elversberg
Matchday 34,2025-05-18,15:30,Eintracht Braunschweig,1. FC Nürnberg
Matchday 34,2025-05-18,15:30,1. FC Köln,1. FC Kaiserslautern
Matchday 34,2025-05-18,15:30,SSV Ulm 1846,Preußen Münster
Matchday 34,2025-05-18,15:30,SV Darmstadt 98,Jahn Regensburg
Matchday 6,2024-09-28,12:30,Newcastle United FC,Manchester City FC
Matchday 6,2024-09-28,15:00,Arsenal FC,Leicester City FC
Matchday 6,2024-09-28,15:00,Brentford FC,West Ham United FC
Matchday 6,2024-09-28,15:00,Chelsea FC,Brighton & Hove Albion FC
Matchday 6,2024-09-28,15:00,Everton FC,Crystal Palace FC
Matchday 6,2024-09-28,15:00,Nottingham Forest FC,Fulham FC
Matchday 6,2024-09-28,17:30,Wolverhampton Wanderers FC,Liverpool FC
Matchday 6,2024-09-29,14:00,Ipswich Town FC,Aston Villa FC
Matchday 6,2024-09-29,16:30,Manchester United FC,Tottenham Hotspur FC
Matchday 6,2024-09-30,20:00,AFC Bournemouth,Southampton FC
Matchday 7,2024-10-05,12:30,Crystal Palace FC,Liverpool FC
Matchday 7,2024-10-05,15:00,Arsenal FC,Southampton FC
Matchday 7,2024-10-05,15:00,Brentford FC,Wolverhampton Wanderers FC
Matchday 7,2024-10-05,15:00,Leicester City FC,AFC Bournemouth
Matchday 7,2024-10-05,15:00,Manchester City FC,Fulham FC
Matchday 7,2024-10-05,15:00,West Ham United FC,Ipswich Town FC
Matchday 7,2024-10-05,17:30,Everton FC,Newcastle United FC
Matchday 7,2024-10-06,14:00,Aston Villa FC,Manchester United FC
Matchday 7,2024-10-06,14:00,Chelsea FC,Nottingham Forest FC
Matchday 7,2024-10-06,16:30,Brighton & Hove Albion FC,Tottenham Hotspur FC
Matchday 8,2024-10-19,12:30,Tottenham Hotspur FC,West Ham United FC
Matchday 8,2024-10-19,15:00,Fulham FC,Aston Villa FC
Matchday 8,2024-10-19,15:00,Ipswich Town FC,Everton FC
Matchday 8,2024-10-19,15:00,Manchester United FC,Brentford FC
Matchday 8,2024-10-19,15:00,Newcastle United FC,Brighton & Hove Albion FC
Matchday 8,2024-10-19,15:00,Southampton FC,Leicester City FC
Matchday 8,2024-10-19,17:30,AFC Bournemouth,Arsenal FC
Matchday 8,2024-10-20,14:00,Wolverhampton Wanderers FC,Manchester City FC
Matchday 8,2024-10-20,16:30,Liverpool FC,Chelsea FC
Matchday 8,2024-10-21,20:00,Nottingham Forest FC,Crystal Palace FC
Matchday 9,2024-10-25,20:00,Leicester City FC,Nottingham Forest FC
Matchday 9,2024-10-26,15:00,Aston Villa FC,AFC Bournemouth
Matchday 9,2024-10-26,15:00,Brentford FC,Ipswich Town FC
Matchday 9,2024-10-26,15:00,Brighton & Hove Albion FC,Wolverhampton Wanderers FC
Matchday 9,2024-10-26,15:00,Manchester City FC,Southampton FC
Matchday 9,2024-10-26,17:30,Everton FC,Fulham FC
Matchday 9,2024-10-27,14:00,Chelsea FC,Newcastle United FC
Matchday 9,2024-10-27,14:00,Crystal Palace FC,Tottenham Hotspur FC
Matchday 9,2024-10-27,14:00,West Ham United FC,Manchester United FC
Matchday 9,2024-10-27,16:30,Arsenal FC,Liverpool FC
Matchday 10,2024-11-02,12:30,Newcastle United FC,Arsenal FC
Matchday 10,2024-11-02,15:00,AFC Bournemouth,Manchester City FC
Matchday 10,2024-11-02,15:00,Ipswich Town FC,Leicester City FC
Matchday 10,2024-11-02,15:00,Liverpool FC,Brighton & Hove Albion FC
Matchday 10,2024-11-02,15:00,Nottingham Forest FC,West Ham United FC
Matchday 10,2024-11-02,15:00,Southampton FC,Everton FC
Matchday 10,2024-11-02,17:30,Wolverhampton Wanderers FC,Crystal Palace FC
Matchday 10,2024-11-03,14:00,Tottenham Hotspur FC,Aston Villa FC
Matchday 10,2024-11-03,16:30,Manchester United FC,Chelsea FC
Matchday 10,2024-11-04,20:00,Fulham FC,Brentford FC
Matchday 11,2024-11-09,15:00,Brentford FC,AFC Bournemouth
Matchday 11,2024-11-09,15:00,Crystal Palace FC,Fulham FC
Matchday 11,2024-11-09,15:00,West Ham United FC,Everton FC
Matchday 11,2024-11-09,15:00,Wolverhampton Wanderers FC,Southampton FC
Matchday 11,2024-11-09,17:30,Brighton & Hove Albion FC,Manchester City FC
Matchday 11,2024-11-09,20:00,Liverpool FC,Aston Villa FC
Matchday 11,2024-11-10,14:00,Manchester United FC,Leicester City FC
Matchday 11,2024-11-10,14:00,Nottingham Forest FC,Newcastle United FC
Matchday 11,2024-11-10,14:00,Tottenham Hotspur FC,Ipswich Town FC
Matchday 11,2024-11-10,16:30,Chelsea FC,Arsenal FC
Matchday 12,2024-11-23,12:30,Leicester City FC,Chelsea FC
Matchday 12,2024-11-23,15:00,AFC Bournemouth,Brighton & Hove Albion FC
Matchday 12,2024-11-23,15:00,Arsenal FC,Nottingham Forest FC
Matchday 12,2024-11-23,15:00,Aston Villa FC,Crystal Palace FC
Matchday 12,2024-11-23,15:00,Everton FC,Brentford FC
Matchday 12,2024-11-23,15:00,Fulham FC,Wolverhampton Wanderers FC
Matchday 12,2024-11-23,17:30,Manchester City FC,Tottenham Hotspur FC
Matchday 12,2024-11-24,14:00,Southampton FC,Liverpool FC
Matchday 12,2024-11-24,16:30,Ipswich Town FC,Manchester United FC
Matchday 12,2024-11-25,20:00,Newcastle United FC,West Ham United FC
Matchday 13,2024-11-29,20:00,Brighton & Hove Albion FC,Southampton FC
Matchday 13,2024-11-30,15:00,Brentford FC,Leicester City FC
Matchday 13,2024-11-30,15:00,Crystal Palace FC,Newcastle United FC
Matchday 13,2024-11-30,15:00,Nottingham Forest FC,Ipswich Town FC
Matchday 13,2024-11-30,15:00,Wolverhampton Wanderers FC,AFC Bournemouth
Matchday 13,2024-11-30,17:30,West Ham United FC,Arsenal FC
Matchday 13,2024-12-01,13:30,Chelsea FC,Aston Villa FC
Matchday 13,2024-12-01,13:30,Manchester United FC,Everton FC
Matchday 13,2024-12-01,13:30,Tottenham Hotspur FC,Fulham FC
Matchday 13,2024-12-01,16:00,Liverpool FC,Manchester City FC
Matchday 14,2024-12-03,19:45,AFC Bournemouth,Tottenham Hotspur FC
Matchday 14,2024-12-03,19:45,Arsenal FC,Manchester United FC
Matchday 14,2024-12-03,19:45,Aston Villa FC,Brentford FC
Matchday 14,2024-12-03,19:45,Everton FC,Wolverhampton Wanderers FC
Matchday 14,2024-12-03,19:45,Fulham FC,Brighton & Hove Albion FC
Matchday 14,2024-12-03,19:45,Ipswich Town FC,Crystal Palace FC
Matchday 14,2024-12-03,19:45,Leicester City FC,West Ham United FC
Matchday 14,2024-12-04,19:45,Manchester City FC,Nottingham Forest FC
Matchday 14,2024-12-04,19:45,Newcastle United FC,Liverpool FC
Matchday 14,2024-12-04,19:45,Southampton FC,Chelsea FC
Matchday 38,2025-05-25,16:00,AFC Bournemouth,Leicester City FC
Matchday 38,2025-05-25,16:00,Fulham FC,Manchester City FC
Matchday 38,2025-05-25,16:00,Ipswich Town FC,West Ham United FC
Matchday 38,2025-05-25,16:00,Liverpool FC,Crystal Palace FC
Matchday 38,2025-05-25,16:00,Manchester United FC,Aston Villa FC
Matchday 38,2025-05-25,16:00,Newcastle United FC,Everton FC
Matchday 38,2025-05-25,16:00,Nottingham Forest FC,Chelsea FC
Matchday 38,2025-05-25,16:00,Southampton FC,Arsenal FC
Matchday 38,2025-05-25,16:00,Tottenham Hotspur FC,Brighton & Hove Albion FC
Matchday 38,2025-05-25,16:00,Wolverhampton Wanderers FC,Brentford FC
Matchday 7,2024-09-27,20:00,Plymouth Argyle FC,Luton Town FC
Matchday 7,2024-09-28,12:30,Blackburn Rovers FC,Queens Park Rangers FC
Matchday 7,2024-09-28,12:30,Derby County FC,Norwich City FC
Matchday 7,2024-09-28,12:30,Sheffield Wednesday FC,West Bromwich Albion FC
Matchday 7,2024-09-28,15:00,Hull City AFC,Cardiff City FC
Matchday 7,2024-09-28,15:00,Leeds United FC,Coventry City FC
Matchday 7,2024-09-28,15:00,Middlesbrough FC,Stoke City FC
Matchday 7,2024-09-28,15:00,Millwall FC,Preston North End FC
Matchday 7,2024-09-28,15:00,Oxford United FC,Burnley FC
Matchday 7,2024-09-28,15:00,Portsmouth FC,Sheffield United FC
Matchday 7,2024-09-28,15:00,Watford FC,Sunderland AFC
Matchday 7,2024-09-29,15:00,Swansea City AFC,Bristol City FC
Matchday 8,2024-10-01,19:45,Burnley FC,Plymouth Argyle FC
Matchday 8,2024-10-01,19:45,Cardiff City FC,Millwall FC
Matchday 8,2024-10-01,19:45,Coventry City FC,Blackburn Rovers FC
Matchday 8,2024-10-01,19:45,Luton Town FC,Oxford United FC
Matchday 8,2024-10-01,19:45,Queens Park Rangers FC,Hull City AFC
Matchday 8,2024-10-01,19:45,Sunderland AFC,Derby County FC
Matchday 8,2024-10-01,19:45,Norwich City FC,Leeds United FC
Matchday 8,2024-10-01,20:00,West Bromwich Albion FC,Middlesbrough FC
Matchday 8,2024-10-02,19:45,Sheffield United FC,Swansea City AFC
Matchday 8,2024-10-02,19:45,Preston North End FC,Watford FC
Matchday 8,2024-10-02,19:45,Stoke City FC,Portsmouth FC
Matchday 8,2024-10-02,20:00,Bristol City FC,Sheffield Wednesday FC
Matchday 9,2024-10-04,20:00,Sunderland AFC,Leeds United FC
Matchday 9,2024-10-05,12:30,Burnley FC,Preston North End FC
Matchday 9,2024-10-05,12:30,Norwich City FC,Hull City AFC
Matchday 9,2024-10-05,12:30,Portsmouth FC,Oxford United FC
Matchday 9,2024-10-05,15:00,Coventry City FC,Sheffield Wednesday FC
Matchday 9,2024-10-05,15:00,Derby County FC,Queens Park Rangers FC
Matchday 9,2024-10-05,15:00,Plymouth Argyle FC,Blackburn Rovers FC
Matchday 9,2024-10-05,15:00,Sheffield United FC,Luton Town FC
Matchday 9,2024-10-05,15:00,Swansea City AFC,Stoke City FC
Matchday 9,2024-10-05,15:00,Watford FC,Middlesbrough FC
Matchday 9,2024-10-05,15:00,West Bromwich Albion FC,Millwall FC
Matchday 9,2024-10-06,15:00,Bristol City FC,Cardiff City FC
Matchday 10,2024-10-18,20:00,Leeds United FC,Sheffield United FC
Matchday 10,2024-10-19,12:30,Cardiff City FC,Plymouth Argyle FC
Matchday 10,2024-10-19,12:30,Luton Town FC,Watford FC
Matchday 10,2024-10-19,12:30,Oxford United FC,West Bromwich Albion FC
Matchday 10,2024-10-19,12:30,Preston North End FC,Coventry City FC
Matchday 10,2024-10-19,15:00,Blackburn Rovers FC,Swansea City AFC
Matchday 10,2024-10-19,15:00,Middlesbrough FC,Bristol City FC
Matchday 10,2024-10-19,15:00,Millwall FC,Derby County FC
Matchday 10,2024-10-19,15:00,Queens Park Rangers FC,Portsmouth FC
Matchday 10,2024-10-19,15:00,Sheffield Wednesday FC,Burnley FC
Matchday 10,2024-10-19,15:00,Stoke City FC,Norwich City FC
Matchday 10,2024-10-20,15:00,Hull City AFC,Sunderland AFC
Matchday 11,2024-10-22,19:45,Cardiff City FC,Portsmouth FC
Matchday 11,2024-10-22,19:45,Leeds United FC,Watford FC
Matchday 11,2024-10-22,19:45,Oxford United FC,Derby County FC
Matchday 11,2024-10-22,19:45,Preston North End FC,Norwich City FC
Matchday 11,2024-10-22,19:45,Sheffield Wednesday FC,Swansea City AFC
Matchday 11,2024-10-22,19:45,Stoke City FC,Bristol City FC
Matchday 11,2024-10-22,20:00,Queens Park Rangers FC,Coventry City FC
Matchday 11,2024-10-23,19:45,Hull City AFC,Burnley FC
Matchday 11,2024-10-23,19:45,Blackburn Rovers FC,West Bromwich Albion FC
Matchday 11,2024-10-23,19:45,Luton Town FC,Sunderland AFC
Matchday 11,2024-10-23,19:45,Millwall FC,Plymouth Argyle FC
Matchday 11,2024-10-23,20:00,Middlesbrough FC,Sheffield United FC
Matchday 12,2024-10-25,20:00,Portsmouth FC,Sheffield Wednesday FC
Matchday 12,2024-10-26,12:30,Bristol City FC,Leeds United FC
Matchday 12,2024-10-26,12:30,Coventry City FC,Luton Town FC
Matchday 12,2024-10-26,12:30,Watford FC,Blackburn Rovers FC
Matchday 12,2024-10-26,15:00,Burnley FC,Queens Park Rangers FC
Matchday 12,2024-10-26,15:00,Derby County FC,Hull City AFC
Matchday 12,2024-10-26,15:00,Plymouth Argyle FC,Preston North End FC
Matchday 12,2024-10-26,15:00,Sheffield United FC,Stoke City FC
Matchday 12,2024-10-26,15:00,Sunderland AFC,Oxford United FC
Matchday 12,2024-10-26,15:00,Swansea City AFC,Millwall FC
Matchday 12,2024-10-26,15:00,West Bromwich Albion FC,Cardiff City FC
Matchday 12,2024-10-27,15:00,Norwich City FC,Middlesbrough FC
Matchday 13,2024-11-01,20:00,Luton Town FC,West Bromwich Albion FC
Matchday 13,2024-11-02,12:30,Blackburn Rovers FC,Sheffield United FC
Matchday 13,2024-11-02,12:30,Oxford United FC,Swansea City AFC
Matchday 13,2024-11-02,12:30,Stoke City FC,Derby County FC
Matchday 13,2024-11-02,15:00,Cardiff City FC,Norwich City FC
Matchday 13,2024-11-02,15:00,Hull City AFC,Portsmouth FC
Matchday 13,2024-11-02,15:00,Leeds United FC,Plymouth Argyle FC
Matchday 13,2024-11-02,15:00,Middlesbrough FC,Coventry City FC
Matchday 13,2024-11-02,15:00,Preston North End FC,Bristol City FC
Matchday 13,2024-11-02,15:00,Queens Park Rangers FC,Sunderland AFC
Matchday 13,2024-11-02,15:00,Sheffield Wednesday FC,Watford FC
Matchday 13,2024-11-03,15:00,Millwall FC,Burnley FC
Matchday 14,2024-11-05,19:45,Bristol City FC,Sheffield United FC
Matchday 14,2024-11-05,19:45,Oxford United FC,Hull City AFC
Matchday 14,2024-11-05,19:45,Queens Park Rangers FC,Middlesbrough FC
Matchday 14,2024-11-05,19:45,Sheffield Wednesday FC,Norwich City FC
Matchday 14,2024-11-05,20:00,Plymouth Argyle FC,Portsmouth FC
Matchday 14,2024-11-05,20:00,Swansea City AFC,Watford FC
Matchday 14,2024-11-06,19:45,Millwall FC,Leeds United FC
Matchday 14,2024-11-06,19:45,Blackburn Rovers FC,Stoke City FC
Matchday 14,2024-11-06,19:45,Coventry City FC,Derby County FC
Matchday 14,2024-11-06,20:00,Luton Town FC,Cardiff City FC
Matchday 14,2024-11-06,20:00,Preston North End FC,Sunderland AFC
Matchday 14,2024-11-07,20:00,West Bromwich Albion FC,Burnley FC
Matchday 15,2024-11-08,20:00,Watford FC,Oxford United FC
Matchday 15,2024-11-09,12:30,Cardiff City FC,Blackburn Rovers FC
Matchday 15,2024-11-09,12:30,Middlesbrough FC,Luton Town FC
Matchday 15,2024-11-09,12:30,Stoke City FC,Millwall FC
Matchday 15,2024-11-09,15:00,Derby County FC,Plymouth Argyle FC
Matchday 15,2024-11-09,15:00,Leeds United FC,Queens Park Rangers FC
Matchday 15,2024-11-09,15:00,Norwich City FC,Bristol City FC
Matchday 15,2024-11-09,15:00,Portsmouth FC,Preston North End FC
Matchday 15,2024-11-09,15:00,Sunderland AFC,Coventry City FC
Matchday 15,2024-11-10,12:00,Sheffield United FC,Sheffield Wednesday FC
Matchday 15,2024-11-10,13:00,Hull City AFC,West Bromwich Albion FC
Matchday 15,2024-11-10,15:00,Burnley FC,Swansea City AFC
Matchday 16,2024-11-22,20:00,Plymouth Argyle FC,Watford FC
Matchday 16,2024-11-23,12:30,Bristol City FC,Burnley FC
Matchday 16,2024-11-23,12:30,Coventry City FC,Sheffield United FC
Matchday 16,2024-11-23,12:30,Sheffield Wednesday FC,Cardiff City FC
Matchday 16,2024-11-23,15:00,Blackburn Rovers FC,Portsmouth FC
Matchday 16,2024-11-23,15:00,Luton Town FC,Hull City AFC
Matchday 16,2024-11-23,15:00,Millwall FC,Sunderland AFC
Matchday 16,2024-11-23,15:00,Oxford United FC,Middlesbrough FC
Matchday 16,2024-11-23,15:00,Preston North End FC,Derby County FC
Matchday 16,2024-11-23,15:00,Queens Park Rangers FC,Stoke City FC
Matchday 16,2024-11-23,15:00,West Bromwich Albion FC,Norwich City FC
Matchday 16,2024-11-24,15:00,Swansea City AFC,Leeds United FC
Matchday 17,2024-11-26,19:45,Burnley FC,Coventry City FC
Matchday 17,2024-11-26,19:45,Hull City AFC,Sheffield Wednesday FC
Matchday 17,2024-11-26,19:45,Norwich City FC,Plymouth Argyle FC
Matchday 17,2024-11-26,19:45,Sheffield United FC,Oxford United FC
Matchday 17,2024-11-26,19:45,Stoke City FC,Preston North End FC
Matchday 17,2024-11-26,19:45,Watford FC,Bristol City FC
Matchday 17,2024-11-26,20:00,Sunderland AFC,West Bromwich Albion FC
Matchday 17,2024-11-27,19:45,Leeds United FC,Luton Town FC
Matchday 17,2024-11-27,19:45,Cardiff City FC,Queens Park Rangers FC
Matchday 17,2024-11-27,19:45,Middlesbrough FC,Blackburn Rovers FC
Matchday 17,2024-11-27,19:45,Portsmouth FC,Millwall FC
Matchday 17,2024-11-27,20:00,Derby County FC,Swansea City AFC
Matchday 18,2024-11-29,20:00,Sheffield United FC,Sunderland AFC
Matchday 18,2024-11-30,12:30,Middlesbrough FC,Hull City AFC
Matchday 18,2024-11-30,12:30,Oxford United FC,Millwall FC
Matchday 18,2024-11-30,12:30,Watford FC,Queens Park Rangers FC
Matchday 18,2024-11-30,15:00,Blackburn Rovers FC,Leeds United FC
Matchday 18,2024-11-30,15:00,Bristol City FC,Plymouth Argyle FC
Matchday 18,2024-11-30,15:00,Coventry City FC,Cardiff City FC
Matchday 18,2024-11-30,15:00,Norwich City FC,Luton Town FC
Matchday 18,2024-11-30,15:00,Preston North End FC,West Bromwich Albion FC
Matchday 18,2024-11-30,15:00,Stoke City FC,Burnley FC
Matchday 18,2024-11-30,15:00,Swansea City AFC,Portsmouth FC
Matchday 18,2024-12-01,15:00,Derby County FC,Sheffield Wednesday FC
Matchday 19,2024-12-06,20:00,Burnley FC,Middlesbrough FC
Matchday 19,2024-12-07,12:30,Leeds United FC,Derby County FC
Matchday 19,2024-12-07,12:30,Sheffield Wednesday FC,Preston North End FC
Matchday 19,2024-12-07,12:30,Sunderland AFC,Stoke City FC
Matchday 19,2024-12-07,15:00,Cardiff City FC,Watford FC
Matchday 19,2024-12-07,15:00,Hull City AFC,Blackburn Rovers FC
Matchday 19,2024-12-07,15:00,Luton Town FC,Swansea City AFC
Matchday 19,2024-12-07,15:00,Millwall FC,Coventry City FC
Matchday 19,2024-12-07,15:00,Plymouth Argyle FC,Oxford United FC
Matchday 19,2024-12-07,15:00,Portsmouth FC,Bristol City FC
Matchday 19,2024-12-07,15:00,Queens Park Rangers FC,Norwich City FC
Matchday 19,2024-12-08,15:00,West Bromwich Albion FC,Sheffield United FC
Matchday 20,2024-12-10,19:45,Burnley FC,Derby County FC
Matchday 20,2024-12-10,19:45,Luton Town FC,Stoke City FC
Matchday 20,2024-12-10,19:45,Plymouth Argyle FC,Swansea City AFC
Matchday 20,2024-12-10,19:45,Portsmouth FC,Norwich City FC
Matchday 20,2024-12-10,19:45,Sheffield Wednesday FC,Blackburn Rovers FC
Matchday 20,2024-12-10,19:45,Sunderland AFC,Bristol City FC
Matchday 20,2024-12-10,20:00,Leeds United FC,Middlesbrough FC
Matchday 20,2024-12-11,19:45,Millwall FC,Sheffield United FC
Matchday 20,2024-12-11,19:45,Cardiff City FC,Preston North End FC
Matchday 20,2024-12-11,19:45,Hull City AFC,Watford FC
Matchday 20,2024-12-11,19:45,Queens Park Rangers FC,Oxford United FC
Matchday 20,2024-12-11,20:00,West Bromwich Albion FC,Coventry City FC
Matchday 21,2024-12-13,20:00,Derby County FC,Portsmouth FC
Matchday 21,2024-12-14,12:30,Bristol City FC,Queens Park Rangers FC
Matchday 21,2024-12-14,12:30,Coventry City FC,Hull City AFC
Matchday 21,2024-12-14,12:30,Preston North End FC,Leeds United FC
Matchday 21,2024-12-14,15:00,Blackburn Rovers FC,Luton Town FC
Matchday 21,2024-12-14,15:00,Middlesbrough FC,Millwall FC
Matchday 21,2024-12-14,15:00,Oxford United FC,Sheffield Wednesday FC
Matchday 21,2024-12-14,15:00,Sheffield United FC,Plymouth Argyle FC
Matchday 21,2024-12-14,15:00,Stoke City FC,Cardiff City FC
Matchday 21,2024-12-14,15:00,Swansea City AFC,Sunderland AFC
Matchday 21,2024-12-15,14:00,Watford FC,West Bromwich Albion FC
Matchday 21,2024-12-15,15:00,Norwich City FC,Burnley FC
Matchday 22,2024-12-20,20:00,Luton Town FC,Derby County FC
Matchday 22,2024-12-21,12:30,Hull City AFC,Swansea City AFC
Matchday 22,2024-12-21,12:30,Portsmouth FC,Coventry City FC
Matchday 22,2024-12-21,12:30,Sheffield Wednesday FC,Stoke City FC
Matchday 22,2024-12-21,15:00,Burnley FC,Watford FC
Matchday 22,2024-12-21,15:00,Cardiff City FC,Sheffield United FC
Matchday 22,2024-12-21,15:00,Leeds United FC,Oxford United FC
Matchday 22,2024-12-21,15:00,Millwall FC,Blackburn Rovers FC
Matchday 22,2024-12-21,15:00,Plymouth Argyle FC,Middlesbrough FC
Matchday 22,2024-12-21,15:00,Queens Park Rangers FC,Preston North End FC
Matchday 22,2024-12-21,15:00,Sunderland AFC,Norwich City FC
Matchday 22,2024-12-22,15:00,West Bromwich Albion FC,Bristol City FC
Matchday 23,2024-12-26,15:00,Blackburn Rovers FC,Sunderland AFC
Matchday 23,2024-12-26,15:00,Bristol City FC,Luton Town FC
Matchday 23,2024-12-26,15:00,Coventry City FC,Plymouth Argyle FC
Matchday 23,2024-12-26,15:00,Middlesbrough FC,Sheffield Wednesday FC
Matchday 23,2024-12-26,15:00,Norwich City FC,Millwall FC
Matchday 23,2024-12-26,15:00,Oxford United FC,Cardiff City FC
Matchday 23,2024-12-26,15:00,Preston North End FC,Hull City AFC
Matchday 23,2024-12-26,15:00,Sheffield United FC,Burnley FC
Matchday 23,2024-12-26,15:00,Swansea City AFC,Queens Park Rangers FC
Matchday 23,2024-12-26,15:00,Watford FC,Portsmouth FC
Matchday 23,2024-12-26,17:30,Derby County FC,West Bromwich Albion FC
Matchday 23,2024-12-26,20:00,Stoke City FC,Leeds United FC
Matchday 24,2024-12-29,12:30,Norwich City FC,Queens Park Rangers FC
Matchday 24,2024-12-29,12:30,Preston North End FC,Sheffield Wednesday FC
Matchday 24,2024-12-29,12:30,Sheffield United FC,West Bromwich Albion FC
Matchday 24,2024-12-29,15:00,Blackburn Rovers FC,Hull City AFC
Matchday 24,2024-12-29,15:00,Bristol City FC,Portsmouth FC
Matchday 24,2024-12-29,15:00,Coventry City FC,Millwall FC
Matchday 24,2024-12-29,15:00,Oxford United FC,Plymouth Argyle FC
Matchday 24,2024-12-29,15:00,Stoke City FC,Sunderland AFC
Matchday 24,2024-12-29,15:00,Swansea City AFC,Luton Town FC
Matchday 24,2024-12-29,15:00,Watford FC,Cardiff City FC
Matchday 24,2024-12-29,17:45,Derby County FC,Leeds United FC
Matchday 24,2024-12-29,20:00,Middlesbrough FC,Burnley FC
Matchday 25,2025-01-01,12:30,Plymouth Argyle FC,Bristol City FC
Matchday 25,2025-01-01,12:30,Queens Park Rangers FC,Watford FC
Matchday 25,2025-01-01,13:00,Millwall FC,Oxford United FC
Matchday 25,2025-01-01,15:00,Leeds United FC,Blackburn Rovers FC
Matchday 25,2025-01-01,15:00,Luton Town FC,Norwich City FC
Matchday 25,2025-01-01,15:00,Portsmouth FC,Swansea City AFC
Matchday 25,2025-01-01,15:00,Sheffield Wednesday FC,Derby County FC
Matchday 25,2025-01-01,15:00,West Bromwich Albion FC,Preston North End FC
Matchday 25,2025-01-01,15:00,Burnley FC,Stoke City FC
Matchday 25,2025-01-01,15:00,Cardiff City FC,Coventry City FC
Matchday 25,2025-01-01,17:30,Hull City AFC,Middlesbrough FC
Matchday 25,2025-01-01,20:00,Sunderland AFC,Sheffield United FC
Matchday 26,2025-01-04,12:30,Blackburn Rovers FC,Burnley FC
Matchday 26,2025-01-04,12:30,Stoke City FC,Plymouth Argyle FC
Matchday 26,2025-01-04,12:30,Swansea City AFC,West Bromwich Albion FC
Matchday 26,2025-01-04,15:00,Bristol City FC,Derby County FC
Matchday 26,2025-01-04,15:00,Hull City AFC,Leeds United FC
Matchday 26,2025-01-04,15:00,Middlesbrough FC,Cardiff City FC
Matchday 26,2025-01-04,15:00,Norwich City FC,Coventry City FC
Matchday 26,2025-01-04,15:00,Preston North End FC,Oxford United FC
Matchday 26,2025-01-04,15:00,Sheffield Wednesday FC,Millwall FC
Matchday 26,2025-01-04,15:00,Watford FC,Sheffield United FC
Matchday 26,2025-01-05,15:00,Sunderland AFC,Portsmouth FC
Matchday 26,2025-01-06,20:00,Queens Park Rangers FC,Luton Town FC
Matchday 27,2025-01-18,15:00,Burnley FC,Sunderland AFC
Matchday 27,2025-01-18,15:00,Cardiff City FC,Swansea City AFC
Matchday 27,2025-01-18,15:00,Coventry City FC,Bristol City FC
Matchday 27,2025-01-18,15:00,Derby County FC,Watford FC
Matchday 27,2025-01-18,15:00,Leeds United FC,Sheffield Wednesday FC
Matchday 27,2025-01-18,15:00,Luton Town FC,Preston North End FC
Matchday 27,2025-01-18,15:00,Millwall FC,Hull City AFC
Matchday 27,2025-01-18,15:00,Oxford United FC,Blackburn Rovers FC
Matchday 27,2025-01-18,15:00,Plymouth Argyle FC,Queens Park Rangers FC
Matchday 27,2025-01-18,15:00,Portsmouth FC,Middlesbrough FC
Matchday 27,2025-01-18,15:00,Sheffield United FC,Norwich City FC
Matchday 27,2025-01-18,15:00,West Bromwich Albion FC,Stoke City FC
Matchday 28,2025-01-21,19:45,Blackburn Rovers FC,Coventry City FC
Matchday 28,2025-01-21,19:45,Derby County FC,Sunderland AFC
Matchday 28,2025-01-21,19:45,Hull City AFC,Queens Park Rangers FC
Matchday 28,2025-01-21,19:45,Middlesbrough FC,West Bromwich Albion FC
Matchday 28,2025-01-21,19:45,Millwall FC,Cardiff City FC
Matchday 28,2025-01-21,19:45,Oxford United FC,Luton Town FC
Matchday 28,2025-01-21,19:45,Swansea City AFC,Sheffield United FC
Matchday 28,2025-01-21,19:45,Watford FC,Preston North End FC
Matchday 28,2025-01-22,19:45,Leeds United FC,Norwich City FC
Matchday 28,2025-01-22,19:45,Plymouth Argyle FC,Burnley FC
Matchday 28,2025-01-22,19:45,Portsmouth FC,Stoke City FC
Matchday 28,2025-01-22,19:45,Sheffield Wednesday FC,Bristol City FC
Matchday 29,2025-01-25,15:00,Bristol City FC,Blackburn Rovers FC
Matchday 29,2025-01-25,15:00,Burnley FC,Leeds United FC
Matchday 29,2025-01-25,15:00,Cardiff City FC,Derby County FC
Matchday 29,2025-01-25,15:00,Coventry City FC,Watford FC
Matchday 29,2025-01-25,15:00,Luton Town FC,Millwall FC
Matchday 29,2025-01-25,15:00,Norwich City FC,Swansea City AFC
Matchday 29,2025-01-25,15:00,Preston North End FC,Middlesbrough FC
Matchday 29,2025-01-25,15:00,Queens Park Rangers FC,Sheffield Wednesday FC
Matchday 29,2025-01-25,15:00,Sheffield United FC,Hull City AFC
Matchday 29,2025-01-25,15:00,Stoke City FC,Oxford United FC
Matchday 29,2025-01-25,15:00,Sunderland AFC,Plymouth Argyle FC
Matchday 29,2025-01-25,15:00,West Bromwich Albion FC,Portsmouth FC
Matchday 30,2025-02-01,15:00,Blackburn Rovers FC,Preston North End FC
Matchday 30,2025-02-01,15:00,Derby County FC,Sheffield United FC
Matchday 30,2025-02-01,15:00,Hull City AFC,Stoke City FC
Matchday 30,2025-02-01,15:00,Leeds United FC,Cardiff City FC
Matchday 30,2025-02-01,15:00,Middlesbrough FC,Sunderland AFC
Matchday 30,2025-02-01,15:00,Millwall FC,Queens Park Rangers FC
Matchday 30,2025-02-01,15:00,Oxford United FC,Bristol City FC
Matchday 30,2025-02-01,15:00,Plymouth Argyle FC,West Bromwich Albion FC
Matchday 30,2025-02-01,15:00,Portsmouth FC,Burnley FC
Matchday 30,2025-02-01,15:00,Sheffield Wednesday FC,Luton Town FC
Matchday 30,2025-02-01,15:00,Swansea City AFC,Coventry City FC
Matchday 30,2025-02-01,15:00,Watford FC,Norwich City FC
Matchday 31,2025-02-08,15:00,Bristol City FC,Swansea City AFC
Matchday 31,2025-02-08,15:00,Burnley FC,Oxford United FC
Matchday 31,2025-02-08,15:00,Cardiff City FC,Hull City AFC
Matchday 31,2025-02-08,15:00,Coventry City FC,Leeds United FC
Matchday 31,2025-02-08,15:00,Luton Town FC,Plymouth Argyle FC
Matchday 31,2025-02-08,15:00,Norwich City FC,Derby County FC
Matchday 31,2025-02-08,15:00,Preston North End FC,Millwall FC
Matchday 31,2025-02-08,15:00,Queens Park Rangers FC,Blackburn Rovers FC
Matchday 31,2025-02-08,15:00,Sheffield United FC,Portsmouth FC
Matchday 31,2025-02-08,15:00,Stoke City FC,Middlesbrough FC
Matchday 31,2025-02-08,15:00,Sunderland AFC,Watford FC
Matchday 31,2025-02-08,15:00,West Bromwich Albion FC,Sheffield Wednesday FC
Matchday 32,2025-02-11,19:45,Bristol City FC,Stoke City FC
Matchday 32,2025-02-11,19:45,Coventry City FC,Queens Park Rangers FC
Matchday 32,2025-02-11,19:45,Derby County FC,Oxford United FC
Matchday 32,2025-02-11,19:45,Norwich City FC,Preston North End FC
Matchday 32,2025-02-11,19:45,Plymouth Argyle FC,Millwall FC
Matchday 32,2025-02-11,19:45,Portsmouth FC,Cardiff City FC
Matchday 32,2025-02-11,19:45,Swansea City AFC,Sheffield Wednesday FC
Matchday 32,2025-02-11,19:45,Watford FC,Leeds United FC
Matchday 32,2025-02-12,19:45,Burnley FC,Hull City AFC
Matchday 32,2025-02-12,19:45,Sheffield United FC,Middlesbrough FC
Matchday 32,2025-02-12,19:45,Sunderland AFC,Luton Town FC
Matchday 32,2025-02-12,19:45,West Bromwich Albion FC,Blackburn Rovers FC
Matchday 33,2025-02-15,15:00,Blackburn Rovers FC,Plymouth Argyle FC
Matchday 33,2025-02-15,15:00,Cardiff City FC,Bristol City FC
Matchday 33,2025-02-15,15:00,Hull City AFC,Norwich City FC
Matchday 33,2025-02-15,15:00,Leeds United FC,Sunderland AFC
Matchday 33,2025-02-15,15:00,Luton Town FC,Sheffield United FC
Matchday 33,2025-02-15,15:00,Middlesbrough FC,Watford FC
Matchday 33,2025-02-15,15:00,Millwall FC,West Bromwich Albion FC
Matchday 33,2025-02-15,15:00,Oxford United FC,Portsmouth FC
Matchday 33,2025-02-15,15:00,Preston North End FC,Burnley FC
Matchday 33,2025-02-15,15:00,Queens Park Rangers FC,Derby County FC
Matchday 33,2025-02-15,15:00,Sheffield Wednesday FC,Coventry City FC
Matchday 33,2025-02-15,15:00,Stoke City FC,Swansea City AFC
Matchday 34,2025-02-22,15:00,Bristol City FC,Middlesbrough FC
Matchday 34,2025-02-22,15:00,Burnley FC,Sheffield Wednesday FC
Matchday 34,2025-02-22,15:00,Coventry City FC,Preston North End FC
Matchday 34,2025-02-22,15:00,Derby County FC,Millwall FC
Matchday 34,2025-02-22,15:00,Norwich City FC,Stoke City FC
Matchday 34,2025-02-22,15:00,Plymouth Argyle FC,Cardiff City FC
Matchday 34,2025-02-22,15:00,Portsmouth FC,Queens Park Rangers FC
Matchday 34,2025-02-22,15:00,Sheffield United FC,Leeds United FC
Matchday 34,2025-02-22,15:00,Sunderland AFC,Hull City AFC
Matchday 34,2025-02-22,15:00,Swansea City AFC,Blackburn Rovers FC
Matchday 34,2025-02-22,15:00,Watford FC,Luton Town FC
Matchday 34,2025-02-22,15:00,West Bromwich Albion FC,Oxford United FC
Matchday 35,2025-03-01,15:00,Blackburn Rovers FC,Norwich City FC
Matchday 35,2025-03-01,15:00,Cardiff City FC,Burnley FC
Matchday 35,2025-03-01,15:00,Hull City AFC,Plymouth Argyle FC
Matchday 35,2025-03-01,15:00,Leeds United FC,West Bromwich Albion FC
Matchday 35,2025-03-01,15:00,Luton Town FC,Portsmouth FC
Matchday 35,2025-03-01,15:00,Middlesbrough FC,Derby County FC
Matchday 35,2025-03-01,15:00,Millwall FC,Bristol City FC
Matchday 35,2025-03-01,15:00,Oxford United FC,Coventry City FC
Matchday 35,2025-03-01,15:00,Preston North End FC,Swansea City AFC
Matchday 35,2025-03-01,15:00,Queens Park Rangers FC,Sheffield United FC
Matchday 35,2025-03-01,15:00,Sheffield Wednesday FC,Sunderland AFC
Matchday 35,2025-03-01,15:00,Stoke City FC,Watford FC
Matchday 36,2025-03-08,15:00,Bristol City FC,Hull City AFC
Matchday 36,2025-03-08,15:00,Burnley FC,Luton Town FC
Matchday 36,2025-03-08,15:00,Coventry City FC,Stoke City FC
Matchday 36,2025-03-08,15:00,Derby County FC,Blackburn Rovers FC
Matchday 36,2025-03-08,15:00,Norwich City FC,Oxford United FC
Matchday 36,2025-03-08,15:00,Plymouth Argyle FC,Sheffield Wednesday FC
Matchday 36,2025-03-08,15:00,Portsmouth FC,Leeds United FC
Matchday 36,2025-03-08,15:00,Sheffield United FC,Preston North End FC
Matchday 36,2025-03-08,15:00,Sunderland AFC,Cardiff City FC
Matchday 36,2025-03-08,15:00,Swansea City AFC,Middlesbrough FC
Matchday 36,2025-03-08,15:00,Watford FC,Millwall FC
Matchday 36,2025-03-08,15:00,West Bromwich Albion FC,Queens Park Rangers FC
Matchday 37,2025-03-11,19:45,Burnley FC,West Bromwich Albion FC
Matchday 37,2025-03-11,19:45,Cardiff City FC,Luton Town FC
Matchday 37,2025-03-11,19:45,Derby County FC,Coventry City FC
Matchday 37,2025-03-11,19:45,Middlesbrough FC,Queens Park Rangers FC
Matchday 37,2025-03-11,19:45,Portsmouth FC,Plymouth Argyle FC
Matchday 37,2025-03-11,19:45,Stoke City FC,Blackburn Rovers FC
Matchday 37,2025-03-11,19:45,Sunderland AFC,Preston North End FC
Matchday 37,2025-03-12,19:45,Hull City AFC,Oxford United FC
Matchday 37,2025-03-12,19:45,Leeds United FC,Millwall FC
Matchday 37,2025-03-12,19:45,Norwich City FC,Sheffield Wednesday FC
Matchday 37,2025-03-12,19:45,Sheffield United FC,Bristol City FC
Matchday 37,2025-03-12,19:45,Watford FC,Swansea City AFC
Matchday 38,2025-03-15,15:00,Blackburn Rovers FC,Cardiff City FC
Matchday 38,2025-03-15,15:00,Bristol City FC,Norwich City FC
Matchday 38,2025-03-15,15:00,Coventry City FC,Sunderland AFC
Matchday 38,2025-03-15,15:00,Luton Town FC,Middlesbrough FC
Matchday 38,2025-03-15,15:00,Millwall FC,Stoke City FC
Matchday 38,2025-03-15,15:00,Oxford United FC,Watford FC
Matchday 38,2025-03-15,15:00,Plymouth Argyle FC,Derby County FC
Matchday 38,2025-03-15,15:00,Preston North End FC,Portsmouth FC
Matchday 38,2025-03-15,15:00,Queens Park Rangers FC,Leeds United FC
Matchday 38,2025-03-15,15:00,Sheffield Wednesday FC,Sheffield United FC
Matchday 38,2025-03-15,15:00,Swansea City AFC,Burnley FC
Matchday 38,2025-03-15,15:00,West Bromwich Albion FC,Hull City AFC
Matchday 39,2025-03-29,15:00,Sunderland AFC,Millwall FC
Matchday 39,2025-03-29,15:00,Cardiff City FC,Sheffield Wednesday FC
Matchday 39,2025-03-29,15:00,Derby County FC,Preston North End FC
Matchday 39,2025-03-29,15:00,Burnley FC,Bristol City FC
Matchday 39,2025-03-29,15:00,Middlesbrough FC,Oxford United FC
Matchday 39,2025-03-29,15:00,Watford FC,Plymouth Argyle FC
Matchday 39,2025-03-29,15:00,Hull City AFC,Luton Town FC
Matchday 39,2025-03-29,15:00,Leeds United FC,Swansea City AFC
Matchday 39,2025-03-29,15:00,Norwich City FC,West Bromwich Albion FC
Matchday 39,2025-03-29,15:00,Portsmouth FC,Blackburn Rovers FC
Matchday 39,2025-03-29,15:00,Sheffield United FC,Coventry City FC
Matchday 39,2025-03-29,15:00,Stoke City FC,Queens Park Rangers FC
Matchday 40,2025-04-05,15:00,Blackburn Rovers FC,Middlesbrough FC
Matchday 40,2025-04-05,15:00,Bristol City FC,Watford FC
Matchday 40,2025-04-05,15:00,Coventry City FC,Burnley FC
Matchday 40,2025-04-05,15:00,Luton Town FC,Leeds United FC
Matchday 40,2025-04-05,15:00,Millwall FC,Portsmouth FC
Matchday 40,2025-04-05,15:00,Oxford United FC,Sheffield United FC
Matchday 40,2025-04-05,15:00,Plymouth Argyle FC,Norwich City FC
Matchday 40,2025-04-05,15:00,Preston North End FC,Stoke City FC
Matchday 40,2025-04-05,15:00,Queens Park Rangers FC,Cardiff City FC
Matchday 40,2025-04-05,15:00,Sheffield Wednesday FC,Hull City AFC
Matchday 40,2025-04-05,15:00,Swansea City AFC,Derby County FC
Matchday 40,2025-04-05,15:00,West Bromwich Albion FC,Sunderland AFC
Matchday 41,2025-04-08,19:45,Blackburn Rovers FC,Sheffield Wednesday FC
Matchday 41,2025-04-08,19:45,Bristol City FC,West Bromwich Albion FC
Matchday 41,2025-04-08,19:45,Middlesbrough FC,Leeds United FC
Matchday 41,2025-04-08,19:45,Norwich City FC,Sunderland AFC
Matchday 41,2025-04-08,19:45,Preston North End FC,Cardiff City FC
Matchday 41,2025-04-08,19:45,Sheffield United FC,Millwall FC
Matchday 41,2025-04-08,19:45,Stoke City FC,Luton Town FC
Matchday 41,2025-04-08,19:45,Watford FC,Hull City AFC
Matchday 41,2025-04-09,19:45,Coventry City FC,Portsmouth FC
Matchday 41,2025-04-09,19:45,Derby County FC,Burnley FC
Matchday 41,2025-04-09,19:45,Oxford United FC,Queens Park Rangers FC
Matchday 41,2025-04-09,19:45,Swansea City AFC,Plymouth Argyle FC
Matchday 42,2025-04-12,15:00,Burnley FC,Norwich City FC
Matchday 42,2025-04-12,15:00,Cardiff City FC,Stoke City FC
Matchday 42,2025-04-12,15:00,Hull City AFC,Coventry City FC
Matchday 42,2025-04-12,15:00,Leeds United FC,Preston North End FC
Matchday 42,2025-04-12,15:00,Luton Town FC,Blackburn Rovers FC
Matchday 42,2025-04-12,15:00,Millwall FC,Middlesbrough FC
Matchday 42,2025-04-12,15:00,Plymouth Argyle FC,Sheffield United FC
Matchday 42,2025-04-12,15:00,Portsmouth FC,Derby County FC
Matchday 42,2025-04-12,15:00,Queens Park Rangers FC,Bristol City FC
Matchday 42,2025-04-12,15:00,Sheffield Wednesday FC,Oxford United FC
Matchday 42,2025-04-12,15:00,Sunderland AFC,Swansea City AFC
Matchday 42,2025-04-12,15:00,West Bromwich Albion FC,Watford FC
Matchday 43,2025-04-18,15:00,Blackburn Rovers FC,Millwall FC
Matchday 43,2025-04-18,15:00,Bristol City FC,Sunderland AFC
Matchday 43,2025-04-18,15:00,Coventry City FC,West Bromwich Albion FC
Matchday 43,2025-04-18,15:00,Derby County FC,Luton Town FC
Matchday 43,2025-04-18,15:00,Middlesbrough FC,Plymouth Argyle FC
Matchday 43,2025-04-18,15:00,Watford FC,Burnley FC
Matchday 43,2025-04-18,15:00,Norwich City FC,Portsmouth FC
Matchday 43,2025-04-18,15:00,Oxford United FC,Leeds United FC
Matchday 43,2025-04-18,15:00,Preston North End FC,Queens Park Rangers FC
Matchday 43,2025-04-18,15:00,Sheffield United FC,Cardiff City FC
Matchday 43,2025-04-18,15:00,Stoke City FC,Sheffield Wednesday FC
Matchday 43,2025-04-18,15:00,Swansea City AFC,Hull City AFC
Matchday 44,2025-04-21,15:00,Burnley FC,Sheffield United FC
Matchday 44,2025-04-21,15:00,Cardiff City FC,Oxford United FC
Matchday 44,2025-04-21,15:00,Hull City AFC,Preston North End FC
Matchday 44,2025-04-21,15:00,Leeds United FC,Stoke City FC
Matchday 44,2025-04-21,15:00,Luton Town FC,Bristol City FC
Matchday 44,2025-04-21,15:00,Millwall FC,Norwich City FC
Matchday 44,2025-04-21,15:00,Plymouth Argyle FC,Coventry City FC
Matchday 44,2025-04-21,15:00,Portsmouth FC,Watford FC
Matchday 44,2025-04-21,15:00,Queens Park Rangers FC,Swansea City AFC
Matchday 44,2025-04-21,15:00,Sheffield Wednesday FC,Middlesbrough FC
Matchday 44,2025-04-21,15:00,Sunderland AFC,Blackburn Rovers FC
Matchday 44,2025-04-21,15:00,West Bromwich Albion FC,Derby County FC
Matchday 45,2025-04-26,15:00,Blackburn Rovers FC,Watford FC
Matchday 45,2025-04-26,15:00,Cardiff City FC,West Bromwich Albion FC
Matchday 45,2025-04-26,15:00,Hull City AFC,Derby County FC
Matchday 45,2025-04-26,15:00,Leeds United FC,Bristol City FC
Matchday 45,2025-04-26,15:00,Luton Town FC,Coventry City FC
Matchday 45,2025-04-26,15:00,Middlesbrough FC,Norwich City FC
Matchday 45,2025-04-26,15:00,Millwall FC,Swansea City AFC
Matchday 45,2025-04-26,15:00,Oxford United FC,Sunderland AFC
Matchday 45,2025-04-26,15:00,Preston North End FC,Plymouth Argyle FC
Matchday 45,2025-04-26,15:00,Queens Park Rangers FC,Burnley FC
Matchday 45,2025-04-26,15:00,Sheffield Wednesday FC,Portsmouth FC
Matchday 45,2025-04-26,15:00,Stoke City FC,Sheffield United FC
Matchday 46,2025-05-03,15:00,Bristol City FC,Preston North End FC
Matchday 46,2025-05-03,15:00,Burnley FC,Millwall FC
Matchday 46,2025-05-03,15:00,Coventry City FC,Middlesbrough FC
Matchday 46,2025-05-03,15:00,Derby County FC,Stoke City FC
Matchday 46,2025-05-03,15:00,Norwich City FC,Cardiff City FC
Matchday 46,2025-05-03,15:00,Plymouth Argyle FC,Leeds United FC
Matchday 46,2025-05-03,15:00,Portsmouth FC,Hull City AFC
Matchday 46,2025-05-03,15:00,Sheffield United FC,Blackburn Rovers FC
Matchday 46,2025-05-03,15:00,Sunderland AFC,Queens Park Rangers FC
Matchday 46,2025-05-03,15:00,Swansea City AFC,Oxford United FC
Matchday 46,2025-05-03,15:00,Watford FC,Sheffield Wednesday FC
Matchday 46,2025-05-03,15:00,West Bromwich Albion FC,Luton Town FC
Matchday 8,2024-09-27,21:00,Real Valladolid CF,RCD Mallorca
Matchday 8,2024-09-28,14:00,Getafe CF,Deportivo Alavés
Matchday 8,2024-09-28,16:15,Rayo Vallecano de Madrid,CD Leganés
Matchday 8,2024-09-28,18:30,Real Sociedad de Fútbol,Valencia CF
Matchday 8,2024-09-28,21:00,CA Osasuna,FC Barcelona
Matchday 8,2024-09-29,14:00,RC Celta de Vigo,Girona FC
Matchday 8,2024-09-29,16:15,Athletic Club,Sevilla FC
Matchday 8,2024-09-29,18:30,Real Betis Balompié,RCD Espanyol de Barcelona
Matchday 8,2024-09-29,21:00,Club Atlético de Madrid,Real Madrid CF
Matchday 8,2024-09-30,21:00,Villarreal CF,UD Las Palmas
Matchday 9,2024-10-04,21:00,CD Leganés,Valencia CF
Matchday 9,2024-10-05,14:00,RCD Espanyol de Barcelona,RCD Mallorca
Matchday 9,2024-10-05,16:15,Getafe CF,CA Osasuna
Matchday 9,2024-10-05,18:30,Real Valladolid CF,Rayo Vallecano de Madrid
Matchday 9,2024-10-05,18:30,UD Las Palmas,RC Celta de Vigo
Matchday 9,2024-10-05,21:00,Real Madrid CF,Villarreal CF
Matchday 9,2024-10-06,14:00,Girona FC,Athletic Club
Matchday 9,2024-10-06,16:15,Deportivo Alavés,FC Barcelona
Matchday 9,2024-10-06,18:30,Sevilla FC,Real Betis Balompié
Matchday 9,2024-10-06,21:00,Real Sociedad de Fútbol,Club Atlético de Madrid
Matchday 10,2024-10-18,21:00,Deportivo Alavés,Real Valladolid CF
Matchday 10,2024-10-19,14:00,Athletic Club,RCD Espanyol de Barcelona
Matchday 10,2024-10-19,16:15,CA Osasuna,Real Betis Balompié
Matchday 10,2024-10-19,18:30,Girona FC,Real Sociedad de Fútbol
Matchday 10,2024-10-19,21:00,RC Celta de Vigo,Real Madrid CF
Matchday 10,2024-10-20,14:00,RCD Mallorca,Rayo Vallecano de Madrid
Matchday 10,2024-10-20,16:15,Club Atlético de Madrid,CD Leganés
Matchday 10,2024-10-20,18:30,Villarreal CF,Getafe CF
Matchday 10,2024-10-20,21:00,FC Barcelona,Sevilla FC
Matchday 10,2024-10-21,21:00,Valencia CF,UD Las Palmas
Matchday 6,2024-09-27,19:00,AJ Auxerre,Stade Brestois 29
Matchday 6,2024-09-27,21:00,Paris Saint-Germain FC,Stade Rennais FC 1901
Matchday 6,2024-09-28,17:00,Racing Club de Lens,OGC Nice
Matchday 6,2024-09-28,19:00,Le Havre AC,Lille OSC
Matchday 6,2024-09-28,21:00,AS Monaco FC,Montpellier HSC
Matchday 6,2024-09-29,15:00,Toulouse FC,Olympique Lyonnais
Matchday 6,2024-09-29,17:00,FC Nantes,AS Saint-Étienne
Matchday 6,2024-09-29,17:00,Angers SCO,Stade de Reims
Matchday 6,2024-09-29,20:45,RC Strasbourg Alsace,Olympique de Marseille
Matchday 7,2024-10-04,20:45,Olympique de Marseille,Angers SCO
Matchday 7,2024-10-05,17:00,AS Saint-Étienne,AJ Auxerre
Matchday 7,2024-10-05,19:00,Lille OSC,Toulouse FC
Matchday 7,2024-10-05,21:00,Stade Rennais FC 1901,AS Monaco FC
Matchday 7,2024-10-06,15:00,Olympique Lyonnais,FC Nantes
Matchday 7,2024-10-06,17:00,Stade Brestois 29,Le Havre AC
Matchday 7,2024-10-06,17:00,RC Strasbourg Alsace,Racing Club de Lens
Matchday 7,2024-10-06,17:00,Stade de Reims,Montpellier HSC
Matchday 7,2024-10-06,20:45,OGC Nice,Paris Saint-Germain FC
Matchday 6,2024-09-27,20:45,AC Milan,US Lecce
Matchday 6,2024-09-28,15:00,Udinese Calcio,FC Internazionale Milano
Matchday 6,2024-09-28,18:00,Genoa CFC,Juventus FC
Matchday 6,2024-09-28,20:45,Bologna FC 1909,Atalanta BC
Matchday 6,2024-09-29,12:30,Torino FC,SS Lazio
Matchday 6,2024-09-29,15:00,Como 1907,Hellas Verona FC
Matchday 6,2024-09-29,15:00,AS Roma,Venezia FC
Matchday 6,2024-09-29,18:00,Empoli FC,ACF Fiorentina
Matchday 6,2024-09-29,20:45,SSC Napoli,AC Monza
Matchday 6,2024-09-30,20:45,Parma Calcio 1913,Cagliari Calcio
Matchday 7,2024-10-04,18:30,SSC Napoli,Como 1907
Matchday 7,2024-10-04,20:45,Hellas Verona FC,Venezia FC
Matchday 7,2024-10-05,15:00,Udinese Calcio,US Lecce
Matchday 7,2024-10-05,18:00,Atalanta BC,Genoa CFC
Matchday 7,2024-10-05,20:45,FC Internazionale Milano,Torino FC
Matchday 7,2024-10-06,12:30,Juventus FC,Cagliari Calcio
Matchday 7,2024-10-06,15:00,Bologna FC 1909,Parma Calcio 1913
Matchday 7,2024-10-06,15:00,SS Lazio,Empoli FC
Matchday 7,2024-10-06,18:00,AC Monza,AS Roma
Matchday 7,2024-10-06,20:45,ACF Fiorentina,AC Milan
Matchday 8,2024-10-19,15:00,Como 1907,Parma Calcio 1913
Matchday 8,2024-10-19,15:00,Genoa CFC,Bologna FC 1909
Matchday 8,2024-10-19,18:00,AC Milan,Udinese Calcio
Matchday 8,2024-10-19,20:45,Juventus FC,SS Lazio
Matchday 8,2024-10-20,12:30,Empoli FC,SSC Napoli
Matchday 8,2024-10-20,15:00,US Lecce,ACF Fiorentina
Matchday 8,2024-10-20,15:00,Venezia FC,Atalanta BC
Matchday 8,2024-10-20,18:00,Cagliari Calcio,Torino FC
Matchday 8,2024-10-20,20:45,AS Roma,FC Internazionale Milano
Matchday 8,2024-10-21,20:45,Hellas Verona FC,AC Monza
Matchday 9,2024-10-25,18:30,Udinese Calcio,Cagliari Calcio
Matchday 9,2024-10-25,20:45,Torino FC,Como 1907
Matchday 9,2024-10-26,15:00,SSC Napoli,US Lecce
Matchday 9,2024-10-26,18:00,Bologna FC 1909,AC Milan
Matchday 9,2024-10-26,20:45,Atalanta BC,Hellas Verona FC
Matchday 9,2024-10-27,12:30,Parma Calcio 1913,Empoli FC
Matchday 9,2024-10-27,15:00,SS Lazio,Genoa CFC
Matchday 9,2024-10-27,15:00,AC Monza,Venezia FC
Matchday 9,2024-10-27,18:00,FC Internazionale Milano,Juventus FC
Matchday 9,2024-10-27,20:45,ACF Fiorentina,AS Roma
Matchday 10,2024-10-29,18:30,Cagliari Calcio,Bologna FC 1909
Matchday 10,2024-10-29,18:30,US Lecce,Hellas Verona FC
Matchday 10,2024-10-29,20:45,AC Milan,SSC Napoli
Matchday 10,2024-10-30,18:30,Empoli FC,FC Internazionale Milano
Matchday 10,2024-10-30,18:30,Venezia FC,Udinese Calcio
Matchday 10,2024-10-30,20:45,Atalanta BC,AC Monza
Matchday 10,2024-10-30,20:45,Juventus FC,Parma Calcio 1913
Matchday 10,2024-10-31,18:30,Genoa CFC,ACF Fiorentina
Matchday 10,2024-10-31,20:45,Como 1907,SS Lazio
Matchday 10,2024-10-31,20:45,AS Roma,Torino FC
Matchday 11,2024-11-02,15:00,Bologna FC 1909,US Lecce
Matchday 11,2024-11-02,18:00,Udinese Calcio,Juventus FC
Matchday 11,2024-11-02,20:45,AC Monza,AC Milan
Matchday 11,2024-11-03,12:30,SSC Napoli,Atalanta BC
Matchday 11,2024-11-03,15:00,Torino FC,ACF Fiorentina
Matchday 11,2024-11-03,18:00,Hellas Verona FC,AS Roma
Matchday 11,2024-11-03,20:45,FC Internazionale Milano,Venezia FC
Matchday 11,2024-11-04,18:30,Empoli FC,Como 1907
Matchday 11,2024-11-04,18:30,Parma Calcio 1913,Genoa CFC
Matchday 11,2024-11-04,20:45,SS Lazio,Cagliari Calcio
Matchday 12,2024-11-07,20:45,Genoa CFC,Como 1907
Matchday 12,2024-11-08,18:30,Venezia FC,Parma Calcio 1913
Matchday 12,2024-11-08,20:45,US Lecce,Empoli FC
Matchday 12,2024-11-09,18:00,Cagliari Calcio,AC Milan
Matchday 12,2024-11-09,20:45,Juventus FC,Torino FC
Matchday 12,2024-11-10,12:30,Atalanta BC,Udinese Calcio
Matchday 12,2024-11-10,15:00,ACF Fiorentina,Hellas Verona FC
Matchday 12,2024-11-10,15:00,AS Roma,Bologna FC 1909
Matchday 12,2024-11-10,18:00,AC Monza,SS Lazio
Matchday 12,2024-11-10,20:45,FC Internazionale Milano,SSC Napoli
Matchday 13,2024-11-23,15:00,Hellas Verona FC,FC Internazionale Milano
Matchday 13,2024-11-23,18:00,AC Milan,Juventus FC
Matchday 13,2024-11-23,20:45,Parma Calcio 1913,Atalanta BC
Matchday 13,2024-11-24,12:30,Genoa CFC,Cagliari Calcio
Matchday 13,2024-11-24,15:00,Como 1907,ACF Fiorentina
Matchday 13,2024-11-24,15:00,Torino FC,AC Monza
Matchday 13,2024-11-24,18:00,SSC Napoli,AS Roma
Matchday 13,2024-11-24,20:45,SS Lazio,Bologna FC 1909
Matchday 13,2024-11-25,18:30,Empoli FC,Udinese Calcio
Matchday 13,2024-11-25,20:45,Venezia FC,US Lecce
Matchday 7,2024-09-27,20:00,Heracles Almelo,SC Heerenveen
Matchday 7,2024-09-28,16:30,Willem II Tilburg,PSV
Matchday 7,2024-09-28,18:45,NEC,Feyenoord Rotterdam
Matchday 7,2024-09-28,21:00,Sparta Rotterdam,Fortuna Sittard
Matchday 7,2024-09-29,12:15,PEC Zwolle,Almere City FC
Matchday 7,2024-09-29,14:30,FC Twente '65,NAC Breda
Matchday 7,2024-09-29,14:30,FC Groningen,Go Ahead Eagles
Matchday 7,2024-09-29,14:30,RKC Waalwijk,AFC Ajax
Matchday 7,2024-09-29,20:00,AZ,FC Utrecht
Matchday 8,2024-10-04,20:00,Almere City FC,Willem II Tilburg
Matchday 8,2024-10-05,18:45,NAC Breda,NEC
Matchday 8,2024-10-05,20:00,PSV,Sparta Rotterdam
Matchday 8,2024-10-05,21:00,FC Utrecht,RKC Waalwijk
Matchday 8,2024-10-06,12:15,Go Ahead Eagles,Heracles Almelo
Matchday 8,2024-10-06,14:30,SC Heerenveen,PEC Zwolle
Matchday 8,2024-10-06,14:30,Feyenoord Rotterdam,FC Twente '65
Matchday 8,2024-10-06,16:45,AFC Ajax,FC Groningen
Matchday 8,2024-10-06,20:00,Fortuna Sittard,AZ
Matchday 9,2024-10-19,16:30,Sparta Rotterdam,Almere City FC
Matchday 9,2024-10-19,18:45,AZ,PSV
Matchday 9,2024-10-19,20:00,NEC,SC Heerenveen
Matchday 9,2024-10-19,20:00,RKC Waalwijk,FC Twente '65
Matchday 9,2024-10-19,21:00,Go Ahead Eagles,Feyenoord Rotterdam
Matchday 9,2024-10-20,12:15,Willem II Tilburg,Fortuna Sittard
Matchday 9,2024-10-20,14:30,FC Groningen,FC Utrecht
Matchday 9,2024-10-20,14:30,Heracles Almelo,AFC Ajax
Matchday 9,2024-10-20,16:45,PEC Zwolle,NAC Breda
Matchday 10,2024-10-25,20:00,Almere City FC,NEC
Matchday 10,2024-10-26,16:30,Fortuna Sittard,FC Groningen
Matchday 10,2024-10-26,20:00,PSV,PEC Zwolle
Matchday 10,2024-10-26,21:00,SC Heerenveen,Sparta Rotterdam
Matchday 10,2024-10-27,12:15,FC Utrecht,Feyenoord Rotterdam
Matchday 10,2024-10-27,14:30,NAC Breda,RKC Waalwijk
Matchday 10,2024-10-27,14:30,FC Twente '65,Heracles Almelo
Matchday 10,2024-10-27,16:45,AFC Ajax,Willem II Tilburg
Matchday 10,2024-10-27,20:00,AZ,Go Ahead Eagles
Matchday 4,2024-10-30,18:00,Feyenoord Rotterdam,AFC Ajax
Matchday 11,2024-11-02,16:30,Willem II Tilburg,FC Twente '65
Matchday 11,2024-11-02,18:45,Heracles Almelo,NAC Breda
Matchday 11,2024-11-02,18:45,AFC Ajax,PSV
Matchday 11,2024-11-02,21:00,Feyenoord Rotterdam,AZ
Matchday 11,2024-11-02,21:00,Fortuna Sittard,SC Heerenveen
Matchday 11,2024-11-03,12:15,Go Ahead Eagles,PEC Zwolle
Matchday 11,2024-11-03,14:30,NEC,FC Groningen
Matchday 11,2024-11-03,14:30,Sparta Rotterdam,FC Utrecht
Matchday 11,2024-11-03,16:45,RKC Waalwijk,Almere City FC
Matchday 12,2024-11-08,20:00,FC Utrecht,Heracles Almelo
Matchday 12,2024-11-09,16:30,FC Groningen,Sparta Rotterdam
Matchday 12,2024-11-09,18:45,PEC Zwolle,Fortuna Sittard
Matchday 12,2024-11-09,20:00,NAC Breda,PSV
Matchday 12,2024-11-09,21:00,RKC Waalwijk,NEC
Matchday 12,2024-11-10,12:15,Almere City FC,Feyenoord Rotterdam
Matchday 12,2024-11-10,14:30,SC Heerenveen,Go Ahead Eagles
Matchday 12,2024-11-10,14:30,FC Twente '65,AFC Ajax
Matchday 12,2024-11-10,16:45,AZ,Willem II Tilburg
Matchday 13,2024-11-23,16:30,Go Ahead Eagles,Almere City FC
Matchday 13,2024-11-23,18:45,Feyenoord Rotterdam,SC Heerenveen
Matchday 13,2024-11-23,18:45,Heracles Almelo,RKC Waalwijk
Matchday 13,2024-11-23,21:00,PSV,FC Groningen
Matchday 13,2024-11-23,21:00,Fortuna Sittard,FC Twente '65
Matchday 13,2024-11-24,12:15,NEC,FC Utrecht
Matchday 13,2024-11-24,14:30,Sparta Rotterdam,AZ
Matchday 13,2024-11-24,14:30,Willem II Tilburg,NAC Breda
Matchday 13,2024-11-24,16:45,AFC Ajax,PEC Zwolle
Matchday 14,2024-11-29,20:00,SC Heerenveen,RKC Waalwijk
Matchday 14,2024-11-30,16:30,NAC Breda,Almere City FC
Matchday 14,2024-11-30,18:45,FC Groningen,Willem II Tilburg
Matchday 14,2024-11-30,20:00,Feyenoord Rotterdam,Fortuna Sittard
Matchday 14,2024-11-30,21:00,PEC Zwolle,Sparta Rotterdam
Matchday 14,2024-12-01,12:15,FC Utrecht,PSV
Matchday 14,2024-12-01,14:30,AZ,Heracles Almelo
Matchday 14,2024-12-01,14:30,FC Twente '65,Go Ahead Eagles
Matchday 14,2024-12-01,16:45,NEC,AFC Ajax
Matchday 7,2024-09-27,20:15,GD Estoril Praia,Sporting Clube de Portugal
Matchday 7,2024-09-28,15:30,CF Estrela da Amadora,Moreirense FC
Matchday 7,2024-09-28,18:00,Casa Pia AC,Vitória Guimarães
Matchday 7,2024-09-28,20:30,Sport Lisboa e Benfica,Gil Vicente FC
Matchday 7,2024-09-29,15:30,CD Santa Clara,Boavista FC
Matchday 7,2024-09-29,15:30,FC Famalicão,CD Nacional
Matchday 7,2024-09-29,18:00,FC Porto,FC Arouca
Matchday 7,2024-09-29,20:30,Sporting Clube de Braga,Rio Ave FC
Matchday 7,2024-09-30,20:15,AVS,SC Farense
Matchday 8,2024-10-04,20:15,Rio Ave FC,FC Famalicão
Matchday 8,2024-10-05,15:30,Moreirense FC,CD Santa Clara
Matchday 8,2024-10-05,15:30,Gil Vicente FC,CF Estrela da Amadora
Matchday 8,2024-10-05,18:00,FC Arouca,AVS
Matchday 8,2024-10-05,20:30,Sporting Clube de Portugal,Casa Pia AC
Matchday 8,2024-10-06,15:30,Vitória Guimarães,Boavista FC
Matchday 8,2024-10-06,15:30,SC Farense,GD Estoril Praia
Matchday 8,2024-10-06,18:00,CD Nacional,Sport Lisboa e Benfica
Matchday 8,2024-10-06,20:30,FC Porto,Sporting Clube de Braga
Matchday 9,2024-10-25,18:45,Casa Pia AC,CD Nacional
Matchday 9,2024-10-25,20:45,CD Santa Clara,Gil Vicente FC
Matchday 9,2024-10-26,15:30,GD Estoril Praia,FC Arouca
Matchday 9,2024-10-26,18:00,Boavista FC,Moreirense FC
Matchday 9,2024-10-26,20:30,FC Famalicão,Sporting Clube de Portugal
Matchday 9,2024-10-27,15:30,Sporting Clube de Braga,SC Farense
Matchday 9,2024-10-27,18:00,Sport Lisboa e Benfica,Rio Ave FC
Matchday 9,2024-10-27,20:30,CF Estrela da Amadora,Vitória Guimarães
Matchday 9,2024-10-28,20:15,AVS,FC Porto
Matchday 10,2024-11-01,20:15,Sporting Clube de Portugal,CF Estrela da Amadora
Matchday 10,2024-11-02,15:30,Rio Ave FC,Casa Pia AC
Matchday 10,2024-11-02,18:00,SC Farense,Sport Lisboa e Benfica
Matchday 10,2024-11-02,20:30,Gil Vicente FC,Boavista FC
Matchday 10,2024-11-03,15:30,AVS,FC Famalicão
Matchday 10,2024-11-03,18:00,FC Arouca,Sporting Clube de Braga
Matchday 10,2024-11-03,18:00,Vitória Guimarães,Moreirense FC
Matchday 10,2024-11-03,20:30,FC Porto,GD Estoril Praia
Matchday 10,2024-11-04,20:15,CD Nacional,CD Santa Clara
Matchday 11,2024-11-08,20:15,Moreirense FC,Gil Vicente FC
Matchday 11,2024-11-09,15:30,Casa Pia AC,SC Farense
Matchday 11,2024-11-09,15:30,GD Estoril Praia,AVS
Matchday 11,2024-11-09,18:00,FC Famalicão,FC Arouca
Matchday 11,2024-11-09,20:30,Boavista FC,Rio Ave FC
Matchday 11,2024-11-10,15:30,CF Estrela da Amadora,CD Nacional
Matchday 11,2024-11-10,16:30,CD Santa Clara,Vitória Guimarães
Matchday 11,2024-11-10,18:45,Sporting Clube de Braga,Sporting Clube de Portugal
Matchday 11,2024-11-10,20:45,Sport Lisboa e Benfica,FC Porto
Matchday 12,2024-11-29,20:15,SC Farense,CF Estrela da Amadora
Matchday 12,2024-11-30,15:30,Rio Ave FC,Moreirense FC
Matchday 12,2024-11-30,18:00,CD Nacional,Boavista FC
Matchday 12,2024-11-30,20:30,Sporting Clube de Portugal,CD Santa Clara
Matchday 12,2024-12-01,15:30,GD Estoril Praia,FC Famalicão
Matchday 12,2024-12-01,18:00,FC Arouca,Sport Lisboa e Benfica
Matchday 12,2024-12-01,20:30,AVS,Sporting Clube de Braga
Matchday 12,2024-12-02,18:45,Vitória Guimarães,Gil Vicente FC
Matchday 12,2024-12-02,20:45,FC Porto,Casa Pia AC
Matchday 2,2024-10-01,18:45,VfB Stuttgart,AC Sparta Praha
Matchday 2,2024-10-01,18:45,FC Red Bull Salzburg,Stade Brestois 29
Matchday 2,2024-10-01,21:00,ŠK Slovan Bratislava,Manchester City FC
Matchday 2,2024-10-01,21:00,Borussia Dortmund,Celtic FC
Matchday 2,2024-10-01,21:00,FC Barcelona,BSC Young Boys
Matchday 2,2024-10-01,21:00,FC Internazionale Milano,FK Crvena Zvezda
Matchday 2,2024-10-01,21:00,Bayer 04 Leverkusen,AC Milan
Matchday 2,2024-10-01,21:00,Arsenal FC,Paris Saint-Germain FC
Matchday 2,2024-10-01,21:00,PSV,Sporting Clube de Portugal
Matchday 2,2024-10-02,18:45,Girona FC,Feyenoord Rotterdam
Matchday 2,2024-10-02,18:45,FK Shakhtar Donetsk,Atalanta BC
Matchday 2,2024-10-02,21:00,Aston Villa FC,FC Bayern München
Matchday 2,2024-10-02,21:00,SK Sturm Graz,Club Brugge KV
Matchday 2,2024-10-02,21:00,Liverpool FC,Bologna FC 1909
Matchday 2,2024-10-02,21:00,RB Leipzig,Juventus FC
Matchday 2,2024-10-02,21:00,Sport Lisboa e Benfica,Club Atlético de Madrid
Matchday 2,2024-10-02,21:00,GNK Dinamo Zagreb,AS Monaco FC
Matchday 2,2024-10-02,21:00,Lille OSC,Real Madrid CF
Matchday 3,2024-10-22,18:45,AS Monaco FC,FK Crvena Zvezda
Matchday 3,2024-10-22,18:45,AC Milan,Club Brugge KV
Matchday 3,2024-10-22,21:00,Aston Villa FC,Bologna FC 1909
Matchday 3,2024-10-22,21:00,Girona FC,ŠK Slovan Bratislava
Matchday 3,2024-10-22,21:00,SK Sturm Graz,Sporting Clube de Portugal
Matchday 3,2024-10-22,21:00,Paris Saint-Germain FC,PSV
Matchday 3,2024-10-22,21:00,Real Madrid CF,Borussia Dortmund
Matchday 3,2024-10-22,21:00,Arsenal FC,FK Shakhtar Donetsk
Matchday 3,2024-10-22,21:00,Juventus FC,VfB Stuttgart
Matchday 3,2024-10-23,18:45,Stade Brestois 29,Bayer 04 Leverkusen
Matchday 3,2024-10-23,18:45,Atalanta BC,Celtic FC
Matchday 3,2024-10-23,21:00,BSC Young Boys,FC Internazionale Milano
Matchday 3,2024-10-23,21:00,FC Barcelona,FC Bayern München
Matchday 3,2024-10-23,21:00,Manchester City FC,AC Sparta Praha
Matchday 3,2024-10-23,21:00,RB Leipzig,Liverpool FC
Matchday 3,2024-10-23,21:00,Club Atlético de Madrid,Lille OSC
Matchday 3,2024-10-23,21:00,Sport Lisboa e Benfica,Feyenoord Rotterdam
Matchday 3,2024-10-23,21:00,FC Red Bull Salzburg,GNK Dinamo Zagreb
Matchday 4,2024-11-05,18:45,ŠK Slovan Bratislava,GNK Dinamo Zagreb
Matchday 4,2024-11-05,18:45,PSV,Girona FC
Matchday 4,2024-11-05,21:00,Sporting Clube de Portugal,Manchester City FC
Matchday 4,2024-11-05,21:00,Bologna FC 1909,AS Monaco FC
Matchday 4,2024-11-05,21:00,Borussia Dortmund,SK Sturm Graz
Matchday 4,2024-11-05,21:00,Liverpool FC,Bayer 04 Leverkusen
Matchday 4,2024-11-05,21:00,Real Madrid CF,AC Milan
Matchday 4,2024-11-05,21:00,Celtic FC,RB Leipzig
Matchday 4,2024-11-05,21:00,Lille OSC,Juventus FC
Matchday 4,2024-11-06,18:45,Club Brugge KV,Aston Villa FC
Matchday 4,2024-11-06,18:45,FK Shakhtar Donetsk,BSC Young Boys
Matchday 4,2024-11-06,21:00,AC Sparta Praha,Stade Brestois 29
Matchday 4,2024-11-06,21:00,VfB Stuttgart,Atalanta BC
Matchday 4,2024-11-06,21:00,FC Bayern München,Sport Lisboa e Benfica
Matchday 4,2024-11-06,21:00,FC Internazionale Milano,Arsenal FC
Matchday 4,2024-11-06,21:00,Paris Saint-Germain FC,Club Atlético de Madrid
Matchday 4,2024-11-06,21:00,Feyenoord Rotterdam,FC Red Bull Salzburg
Matchday 4,2024-11-06,21:00,FK Crvena Zvezda,FC Barcelona
Matchday 5,2024-11-26,18:45,ŠK Slovan Bratislava,AC Milan
Matchday 5,2024-11-26,18:45,AC Sparta Praha,Club Atlético de Madrid
Matchday 5,2024-11-26,21:00,Sporting Clube de Portugal,Arsenal FC
Matchday 5,2024-11-26,21:00,BSC Young Boys,Atalanta BC
Matchday 5,2024-11-26,21:00,FC Bayern München,Paris Saint-Germain FC
Matchday 5,2024-11-26,21:00,FC Barcelona,Stade Brestois 29
Matchday 5,2024-11-26,21:00,FC Internazionale Milano,RB Leipzig
Matchday 5,2024-11-26,21:00,Manchester City FC,Feyenoord Rotterdam
Matchday 5,2024-11-26,21:00,Bayer 04 Leverkusen,FC Red Bull Salzburg
Matchday 5,2024-11-27,18:45,SK Sturm Graz,Girona FC
Matchday 5,2024-11-27,18:45,FK Crvena Zvezda,VfB Stuttgart
Matchday 5,2024-11-27,21:00,AS Monaco FC,Sport Lisboa e Benfica
Matchday 5,2024-11-27,21:00,Aston Villa FC,Juventus FC
Matchday 5,2024-11-27,21:00,Bologna FC 1909,Lille OSC
Matchday 5,2024-11-27,21:00,Liverpool FC,Real Madrid CF
Matchday 5,2024-11-27,21:00,Celtic FC,Club Brugge KV
Matchday 5,2024-11-27,21:00,GNK Dinamo Zagreb,Borussia Dortmund
Matchday 5,2024-11-27,21:00,PSV,FK Shakhtar Donetsk
Matchday 6,2024-12-10,18:45,Girona FC,Liverpool FC
Matchday 6,2024-12-10,18:45,GNK Dinamo Zagreb,Celtic FC
Matchday 6,2024-12-10,21:00,Stade Brestois 29,PSV
Matchday 6,2024-12-10,21:00,RB Leipzig,Aston Villa FC
Matchday 6,2024-12-10,21:00,Atalanta BC,Real Madrid CF
Matchday 6,2024-12-10,21:00,Bayer 04 Leverkusen,FC Internazionale Milano
Matchday 6,2024-12-10,21:00,Club Brugge KV,Sporting Clube de Portugal
Matchday 6,2024-12-10,21:00,FK Shakhtar Donetsk,FC Bayern München
Matchday 6,2024-12-10,21:00,FC Red Bull Salzburg,Paris Saint-Germain FC
Matchday 6,2024-12-11,18:45,Club Atlético de Madrid,ŠK Slovan Bratislava
Matchday 6,2024-12-11,18:45,Lille OSC,SK Sturm Graz
Matchday 6,2024-12-11,21:00,VfB Stuttgart,BSC Young Boys
Matchday 6,2024-12-11,21:00,Borussia Dortmund,FC Barcelona
Matchday 6,2024-12-11,21:00,AC Milan,FK Crvena Zvezda
Matchday 6,2024-12-11,21:00,Sport Lisboa e Benfica,Bologna FC 1909
Matchday 6,2024-12-11,21:00,Arsenal FC,AS Monaco FC
Matchday 6,2024-12-11,21:00,Juventus FC,Manchester City FC
Matchday 6,2024-12-11,21:00,Feyenoord Rotterdam,AC Sparta Praha
Matchday 7,2025-01-21,18:45,AS Monaco FC,Aston Villa FC
Matchday 7,2025-01-21,18:45,Atalanta BC,SK Sturm Graz
Matchday 7,2025-01-21,21:00,Bologna FC 1909,Borussia Dortmund
Matchday 7,2025-01-21,21:00,ŠK Slovan Bratislava,VfB Stuttgart
Matchday 7,2025-01-21,21:00,Liverpool FC,Lille OSC
Matchday 7,2025-01-21,21:00,Club Atlético de Madrid,Bayer 04 Leverkusen
Matchday 7,2025-01-21,21:00,Sport Lisboa e Benfica,FC Barcelona
Matchday 7,2025-01-21,21:00,Club Brugge KV,Juventus FC
Matchday 7,2025-01-21,21:00,FK Crvena Zvezda,PSV
Matchday 7,2025-01-22,18:45,RB Leipzig,Sporting Clube de Portugal
Matchday 7,2025-01-22,18:45,FK Shakhtar Donetsk,Stade Brestois 29
Matchday 7,2025-01-22,21:00,AC Sparta Praha,FC Internazionale Milano
Matchday 7,2025-01-22,21:00,Paris Saint-Germain FC,Manchester City FC
Matchday 7,2025-01-22,21:00,Real Madrid CF,FC Red Bull Salzburg
Matchday 7,2025-01-22,21:00,AC Milan,Girona FC
Matchday 7,2025-01-22,21:00,Arsenal FC,GNK Dinamo Zagreb
Matchday 7,2025-01-22,21:00,Celtic FC,BSC Young Boys
Matchday 7,2025-01-22,21:00,Feyenoord Rotterdam,FC Bayern München
Matchday 8,2025-01-29,21:00,Sporting Clube de Portugal,Bologna FC 1909
Matchday 8,2025-01-29,21:00,BSC Young Boys,FK Crvena Zvezda
Matchday 8,2025-01-29,21:00,Aston Villa FC,Celtic FC
Matchday 8,2025-01-29,21:00,Girona FC,Arsenal FC
Matchday 8,2025-01-29,21:00,Stade Brestois 29,Real Madrid CF
Matchday 8,2025-01-29,21:00,SK Sturm Graz,RB Leipzig
Matchday 8,2025-01-29,21:00,VfB Stuttgart,Paris Saint-Germain FC
Matchday 8,2025-01-29,21:00,FC Bayern München,ŠK Slovan Bratislava
Matchday 8,2025-01-29,21:00,Borussia Dortmund,FK Shakhtar Donetsk
Matchday 8,2025-01-29,21:00,FC Barcelona,Atalanta BC
Matchday 8,2025-01-29,21:00,FC Internazionale Milano,AS Monaco FC
Matchday 8,2025-01-29,21:00,Manchester City FC,Club Brugge KV
Matchday 8,2025-01-29,21:00,Bayer 04 Leverkusen,AC Sparta Praha
Matchday 8,2025-01-29,21:00,Juventus FC,Sport Lisboa e Benfica
Matchday 8,2025-01-29,21:00,GNK Dinamo Zagreb,AC Milan
Matchday 8,2025-01-29,21:00,Lille OSC,Feyenoord Rotterdam
Matchday 8,2025-01-29,21:00,PSV,Liverpool FC
Matchday 8,2025-01-29,21:00,FC Red Bull Salzburg,Club Atlético de Madrid
